session_id,sample_count,duration_s,sample_rate_hz,knee_mean_deg,knee_std_deg,knee_min_deg,knee_max_deg,knee_rom_deg,knee_p05_deg,knee_p95_deg,dt_mean_s,dt_std_s,vel_mean_deg_s,vel_std_deg_s,vel_abs_mean_deg_s,vel_abs_max_deg_s,emg_quad_mean,emg_quad_std,emg_quad_max,emg_ham_mean,emg_ham_std,emg_ham_max,left_knee_mean,left_knee_std,left_knee_rom,left_knee_p05,left_knee_p95,left_emg_quad_mean,left_emg_quad_std,left_emg_quad_max,left_emg_ham_mean,left_emg_ham_std,left_emg_ham_max,knee_rom_asymmetry,knee_mean_asymmetry,emg_quad_asymmetry,emg_ham_asymmetry
synth_session_2026-02-23_213644_v01_w00,678,29.55,22.944162436548222,17.713382811941003,25.98455488236225,-40.91608,69.1936,110.10968,-25.88177945,63.3449724,0.04364844903988183,0.0446272983945511,0.4459330597428249,138.7976659910259,102.31051788783631,507.14252173909813,35.89593879646018,5.026437959332642,51.894268,35.55460515486726,4.046663363523967,47.65698,12.070253844955753,35.838747702564596,140.22055,-50.280835749999994,75.552795,198.05390880530973,2.9467105101932534,207.26553,171.0256039085546,2.9358981931164037,179.53589,-30.110870000000006,5.64312896698525,-162.15797000884956,-135.47099875368733
synth_session_2026-02-23_213644_v01_w01,678,29.55,22.944162436548222,17.78248061125369,27.28059848241054,-41.377544,71.970665,113.348209,-28.38533015,65.32996975,0.04364844903988183,0.0446272983945511,-3.077193927095071,135.9393949089463,100.11613261186622,651.4610823529619,44.112296206489674,5.021556291223763,60.3612,42.94714162684365,4.154057931971453,55.628395,12.075019288938053,35.8398740348915,139.614625,-50.207469499999995,75.6816025,197.97677805309735,2.932338848351998,207.88156,170.87617560471975,3.0256766742719203,183.07747,-26.266415999999992,5.707461322315636,-153.86448184660767,-127.92903397787609
synth_session_2026-02-23_213644_v01_w02,678,29.55,22.944162436548222,17.864467544859885,27.93603488822653,-43.21847,73.048676,116.267146,-30.438442849999998,66.58514999999998,0.04364844903988183,0.0446272983945511,-0.5470053960933788,118.42872701984724,88.61126126722658,493.89789999996646,47.592993864306784,5.297689659795685,65.1871,45.92188910324484,4.13526741955729,58.265133,12.057783220427728,35.845980676871335,139.68061,-50.2578484,75.6281805,197.93119461651918,3.0569670699998066,207.59683,170.92337097345134,2.964424302458626,183.45372,-23.413464000000005,5.806684324432156,-150.3382007522124,-125.0014818702065
synth_session_2026-02-23_213644_v01_w03,678,29.55,22.944162436548222,17.801326632920354,28.741182042296185,-47.354168,73.40216,120.756328,-30.68522025,68.2789845,0.04364844903988183,0.0446272983945511,0.14138156087101633,116.82574639091334,88.10652817400435,406.2890300000038,50.38428269026548,5.043171776935405,65.33368,48.184732141592924,4.031440549035253,60.520927,12.077675265923306,35.853711848806284,140.255183,-50.360604349999996,75.6772675,197.92859401179942,2.9306042634244065,206.54648,171.03769824483777,3.0466041316194827,179.40205,-19.498854999999992,5.723651366997048,-147.54431132153394,-122.85296610324485
synth_session_2026-02-23_213644_v01_w04,678,29.55,22.944162436548222,17.92356469521239,29.408422774861517,-47.093895,76.22685,123.320745,-32.6212382,69.37840609999999,0.04364844903988183,0.0446272983945511,0.33989648439229947,113.1735143742294,85.35246633991864,431.05055555553923,52.66456105752212,5.038877652750089,68.022026,49.644136303834806,3.8568791534712203,61.508224,12.070225418436578,35.86573223668622,140.078986,-50.65487915,75.5879999,198.1837831120944,3.223515590129123,207.32513,171.36274355457226,3.106630627166112,181.66908,-16.758240999999984,5.853339276775813,-145.51922205457228,-121.71860725073745
synth_session_2026-02-23_213644_v01_w05,678,29.55,22.944162436548222,17.733413148559,29.871397186640742,-46.617695,75.96687,122.584565,-34.112279599999994,70.015021,0.04364844903988183,0.0446272983945511,-2.073479800020927,104.83761469459427,77.55633074397787,439.5877777777611,53.3634708141593,5.091629359127387,68.34381,50.288130148967554,3.825637447745314,60.600784,12.066782279625368,35.8518424690578,139.819086,-50.353536299999995,75.735872,198.27302290560473,2.949202261610195,206.94405,171.0641026106195,3.0029618073105593,180.98242,-17.234521,5.66663086893363,-144.90955209144545,-120.77597246165195
synth_session_2026-02-23_213644_v01_w06,678,29.55,22.944162436548222,17.85903894755457,30.450888131636763,-46.750614,76.053474,122.804088,-34.244159399999994,71.3297465,0.04364844903988183,0.0446272983945511,-1.2256590489645485,103.86151387797992,77.39812574648509,374.8851947368396,54.13182853539823,5.024634386842066,69.86133,51.06173367109145,4.043252189061528,63.778725,12.078036126622418,35.8540460919779,140.70011399999999,-50.23020705,75.6413495,198.02324716814158,2.9371919735982286,209.04753,170.91278989675519,3.0824283848114917,179.67152,-17.896025999999992,5.781002820932152,-143.89141863274335,-119.85105622566374
synth_session_2026-02-23_213644_v01_w07,678,29.55,22.944162436548222,17.730788900457227,31.032791423958525,-47.884705,78.84183,126.726535,-35.695660049999994,71.75739524999999,0.04364844903988183,0.0446272983945511,0.22808082320194845,102.15438045035539,75.58400299230992,566.7148333334077,53.934560733038346,5.162034732134418,70.50469,51.185492743362836,4.107084558466966,63.42337,12.063161220737463,35.845276399900676,140.200907,-50.163672399999996,75.5511835,197.9038938938053,2.934261144120419,206.94746,171.0743810619469,3.161625105175293,181.4297,-13.474372000000002,5.6676276797197644,-143.96933316076695,-119.88888831858407
synth_session_2026-02-23_213644_v01_w08,678,29.55,22.944162436548222,17.836014040530973,31.58763292500618,-49.46096,77.87788,127.33884,-35.8547385,73.2321285,0.04364844903988183,0.0446272983945511,1.482892712411466,99.61505631285749,72.38645132159094,529.2241249999408,53.633893231563405,4.919254912417039,74.17325,50.719792985250734,3.9874713707971,62.61586,12.052808140663714,35.847892058054434,140.061882,-50.652393950000004,75.77427150000001,198.0972259144543,3.0392301743954384,207.92418,171.16077995575222,2.999356738171421,180.57939,-12.723041999999992,5.783205899867259,-144.4633326828909,-120.44098697050148
synth_session_2026-02-23_213644_v01_w09,678,29.55,22.944162436548222,17.722796805861353,32.024713122101154,-50.782158,79.17425,129.956408,-38.54530655,73.8042885,0.04364844903988183,0.0446272983945511,1.2742421273616293,99.09945667569684,74.12864073298014,363.06610714287405,53.00976587315634,5.060516578846384,67.5206,50.19578657079647,4.262932822380968,67.608345,12.047764452359884,35.835503245293644,140.667845,-50.1797373,75.63669875000001,197.82506589970507,2.987674789231246,206.13367,171.02833529498523,2.990692378523696,179.8971,-10.71143699999999,5.67503235350147,-144.81530002654873,-120.83254872418875
synth_session_2026-02-23_213644_v01_w10,678,29.55,22.944162436548222,17.842999036902654,32.42679464932184,-50.53302,79.61358,130.1466,-38.082699749999996,75.027853,0.04364844903988183,0.0446272983945511,-0.5636391363269163,91.50344895905296,68.14418413406976,347.6059749999868,51.80922343510325,5.036070591101176,65.963295,49.376309337758116,3.9409217818232216,69.60483,12.056601696306785,35.84631583884545,140.614113,-50.181191049999995,75.51369,198.07801053097344,3.0100315940462568,207.29485,171.0894166076696,2.8583631723366603,182.60283,-10.467512999999997,5.786397340595869,-146.2687870958702,-121.71310726991148
synth_session_2026-02-23_213644_v01_w11,678,29.55,22.944162436548222,17.890009737994102,32.82998336630742,-51.15162,79.95484,131.10646,-38.42801125,75.76228499999999,0.04364844903988183,0.0446272983945511,1.918862036277931,90.08939618017997,65.03891543364176,487.92756249994534,50.764957856932156,4.865801801464678,68.26678,48.59958762389381,3.9273288813581884,64.9669,12.05581571100295,35.85744826941355,140.467103,-50.5815022,75.52278949999999,197.81554731563423,3.023373741114298,208.8709,170.83980820058997,2.97626879139525,180.80794,-9.36064300000001,5.8341940269911525,-147.05058945870206,-122.24022057669616
synth_session_2026-02-23_213644_v02_w00,678,29.55,22.944162436548222,8.974925997358408,17.556749292824573,-28.763641,47.55388,76.317521,-21.1704443,39.116995149999994,0.04364844903988183,0.0446272983945511,0.966592667877206,123.8343316349377,90.92909970583241,461.6992000000098,35.87522833480826,5.106586448830787,51.728207,36.03159187758113,3.9787494274929656,49.27542,12.069503645265486,35.84095240341994,140.28569,-50.23611755,75.525227,198.02015246312683,2.9401439271215875,207.92613,171.18208383480825,2.987538668655001,179.7333,-63.96816899999999,-3.0945776479070783,-162.14492412831856,-135.15049195722713
synth_session_2026-02-23_213644_v02_w01,678,29.55,22.944162436548222,9.016137365044248,20.558428857944346,-35.55423,49.93258,85.48680999999999,-26.013559049999998,45.140089599999996,0.04364844903988183,0.0446272983945511,-1.696856546878012,116.84584550446695,86.08688639928756,521.6553913043549,50.24890949557522,4.935920765192605,64.3452,47.87563330235989,4.078979360406858,59.872368,12.073429665339235,35.857486849069886,140.46492,-50.5146675,75.569542,197.82988029498523,2.842036860584475,205.60031,170.97063921828908,3.075680958203114,182.27884,-54.978110000000015,-3.0572923002949874,-147.58097079941,-123.09500591592919
synth_session_2026-02-23_213644_v02_w02,678,29.55,22.944162436548222,9.1467522429646,22.367448173827913,-39.95199,54.03111,93.98310000000001,-29.4489268,48.65876655,0.04364844903988183,0.0446272983945511,-0.9423115418489378,110.33096690621473,82.10185545254876,460.27402083333294,56.763369426253696,5.335798339973237,74.74307,53.368067202064886,4.177706566208359,67.32559,12.066532708407081,35.85895950351811,139.318539,-50.69557244999999,75.4935435,197.90000097345128,2.9881151175747394,206.62047,170.9626389823009,2.8770048457988637,178.91483,-45.33543899999998,-2.9197804654424804,-141.1366315471976,-117.59457178023601
synth_session_2026-02-23_213644_v02_w03,678,29.55,22.944162436548222,9.065249155477877,23.778095299589392,-41.694366,56.693916,98.388282,-31.3613099,50.608515249999996,0.04364844903988183,0.0446272983945511,-1.7443879651844796,107.36790261181713,80.51784572810644,440.4956500000091,60.5709782418879,5.080861274547944,74.69309,56.63259397787611,4.128572692135705,70.2588,12.067696201504424,35.87113216038185,139.841683,-50.4593737,75.7746945,198.01099148967552,3.0826239545466976,207.57707,170.9150513864307,3.0341229727265,178.82367,-41.453400999999985,-3.002447046026546,-137.44001324778762,-114.28245740855458
synth_session_2026-02-23_213644_v02_w04,678,29.55,22.944162436548222,9.063810002551623,25.21336780758234,-43.715965,58.51503,102.23099500000001,-33.651781899999996,53.722729599999994,0.04364844903988183,0.0446272983945511,-2.754786897525346,98.5115496426884,72.43491868933172,355.0067000000076,62.613590542772855,5.024098912998513,78.10174,58.374002289085546,3.9447808689617547,70.45276,12.074631683628317,35.86609082360695,139.905527,-50.276227049999996,75.76013275000001,198.0513616076696,3.0058252403839325,207.42534,170.97753907079647,3.0882750187808927,180.17123,-37.674532,-3.0108216810766937,-135.43777106489676,-112.60353678171091
synth_session_2026-02-23_213644_v02_w05,678,29.55,22.944162436548222,9.099482790554573,26.36345466804633,-47.20021,60.08436,107.28457,-35.88451395,55.305798149999994,0.04364844903988183,0.0446272983945511,-1.6355260748900267,95.6116600326397,69.90541381995571,506.39785374994335,63.32241375073746,5.237648984063484,82.7884,58.603170073746305,3.8342218384274904,69.62221,12.056367582603245,35.838282200048226,139.534954,-50.1950299,75.6503695,197.85998799410032,3.07044289917707,206.14517,170.8792566814159,3.0618017579432855,178.30212,-32.250384,-2.9568847920486725,-134.53757424336285,-112.27608660766961
synth_session_2026-02-23_213644_v02_w06,678,29.55,22.944162436548222,9.095758648635707,27.693544963367412,-48.8533,64.456856,113.310156,-38.713852100000004,57.528198700000004,0.04364844903988183,0.0446272983945511,2.2955584735091326,94.90541921135275,68.40010725784988,437.1778421052603,63.14852406342184,4.909101108162662,78.08883,58.72626178171091,4.022394332375391,71.343605,12.06722561564897,35.82971932972823,140.181143,-50.13524665,75.489263,198.06203505899703,2.988788503124825,207.40706,171.05321165191742,2.9057193412101614,180.32137,-26.870986999999985,-2.9714669670132636,-134.9135109955752,-112.3269498702065
synth_session_2026-02-23_213644_v02_w07,678,29.55,22.944162436548222,9.062914955545722,28.783051538075593,-51.445683,64.912636,116.35831900000001,-39.9309619,59.6861232,0.04364844903988183,0.0446272983945511,-0.1253172003290708,90.64673599516502,68.07699763891016,358.44919047623756,61.51795794247788,4.962273839382806,77.90721,57.445259687315634,4.066461084924107,71.45825,12.064377607728613,35.85286820153002,139.885175,-50.418955,75.417,198.03958517699115,3.1740429083620154,209.1914,171.0159022861357,2.992194655179373,179.59879,-23.526855999999995,-3.001462652182891,-136.5216272345133,-113.57064259882009
synth_session_2026-02-23_213644_v02_w08,678,29.55,22.944162436548222,9.131189929396756,29.984152985901716,-55.1203,66.6821,121.8024,-43.013131200000004,61.6797058,0.04364844903988183,0.0446272983945511,-0.5191461517105518,94.49818282252362,67.43682570389728,446.94336842104946,59.98897436430679,4.87829158241032,76.20331,55.99338740707965,4.156371473227951,68.383095,12.065129366628318,35.83460241398894,140.224305,-50.2080965,75.65017825,198.07645910029498,2.8897368880965932,206.33508,170.846229719764,3.0004635084116256,179.87404,-18.42190499999998,-2.9339394372315617,-138.0874847359882,-114.85284231268436
synth_session_2026-02-23_213644_v02_w09,678,29.55,22.944162436548222,9.086572721091443,30.87658656351471,-55.52319,67.96659,123.48978,-43.641050449999994,63.7097305,0.04364844903988183,0.0446272983945511,0.3131292073134922,89.77835911668427,66.70651881852261,431.5022537499517,57.54754590707965,5.250234935007004,72.55208,53.947888669616525,4.00373758339484,68.46826,12.046537182389379,35.83981798823488,140.053134,-50.22349025,75.4877556,198.02002558997046,3.0480067733735665,207.06157,171.11848722713864,2.8536189382499755,180.02509,-16.563354000000004,-2.959964461297936,-140.47247968289082,-117.17059855752211
synth_session_2026-02-23_213644_v02_w10,678,29.55,22.944162436548222,9.097429273971976,32.0565529730271,-57.66084,70.96152,128.62236,-46.6516543,65.48699674999999,0.04364844903988183,0.0446272983945511,-1.083786201868855,85.15567761812305,61.97651481395505,315.6021500000069,54.00742517551622,4.76811085096373,68.46577,50.915549874631274,3.9746759289587397,69.31083,12.076993318495576,35.87086764033759,139.79402299999998,-50.5134223,75.7814405,197.907622359882,2.9550505557074245,207.22461,170.9456978023599,2.8805119404265387,182.60431,-11.171662999999995,-2.9795640445236007,-143.90019718436577,-120.03014792772862
synth_session_2026-02-23_213644_v02_w11,678,29.55,22.944162436548222,9.135634632612094,32.96750997870047,-60.646484,71.62975,132.276234,-48.1038092,67.24683725,0.04364844903988183,0.0446272983945511,0.6040477214648351,83.74488064468795,61.75668604033352,424.676600000009,50.40172434955752,5.025675192321988,64.4508,48.19849878171091,4.112351735745276,61.120956,12.059137732522123,35.83447706749031,139.937274,-50.51535175,75.7374585,197.90727741887906,3.139167171005247,208.03566,170.8156467699115,2.994068655581667,182.00214,-7.661040000000014,-2.923503099910029,-147.50555306932154,-122.61714798820059
synth_session_2026-02-23_213644_v03_w00,678,29.55,22.944162436548222,5.302775823853982,19.622647384244186,-40.048542,46.160427,86.208969,-27.857099050000002,39.676909099999996,0.04364844903988183,0.0446272983945511,1.343731854382586,145.15195242050382,107.15024872166278,622.0827117647256,35.86061635103245,4.9406773528146894,51.525536,35.95567400737463,4.0895319923573314,48.460598,12.052600752802359,35.85693485517478,139.988026,-50.517937499999995,75.6003786,198.02751485250738,2.9976647168939388,206.89383,170.8781846460177,3.1041282665681633,180.54431,-53.779056999999995,-6.749824928948377,-162.16689850147492,-134.92251063864308
synth_session_2026-02-23_213644_v03_w01,678,29.55,22.944162436548222,5.2734801492011805,22.18806517002837,-42.818233,49.826084,92.644317,-31.42739335,44.09292945,0.04364844903988183,0.0446272983945511,-1.2379752593569615,134.25676732150987,99.27657432350864,530.070738095218,48.68109310324484,5.07118167601612,65.11377,46.679842738938056,3.842708603030805,60.48034,12.064393886681417,35.85062879652683,140.018368,-50.53778275,75.69483824999999,197.99764768436577,3.0291901246590083,206.79926,171.10666718289085,3.100628917906589,179.40396,-47.37405100000001,-6.790913737480237,-149.31655458112093,-124.4268244439528
synth_session_2026-02-23_213644_v03_w02,678,29.55,22.944162436548222,5.298240768859882,23.616880091968106,-46.81536,52.745255,99.560615,-35.47961655,46.216090449999996,0.04364844903988183,0.0446272983945511,-0.06176000316387678,130.41916855432362,95.43651204442693,695.1535624999223,54.49599903244838,4.861072144926888,74.69616,51.26885272713865,4.092127692457176,63.14752,12.068182797846609,35.859224376324136,140.360562,-50.57082125,75.5595225,197.99475290560474,3.0697038316195666,206.69235,171.05475964601771,3.0600174946224974,181.61194,-40.79994699999999,-6.769942028986726,-143.49875387315637,-119.78590691887906
synth_session_2026-02-23_213644_v03_w03,678,29.55,22.944162436548222,5.235955293705456,25.149128961402617,-48.52497,58.984367,107.509337,-38.0320086,49.6009428,0.04364844903988183,0.0446272983945511,-1.2181137502304942,123.71889449872269,89.44599996844907,498.41130000001067,57.784325576696155,4.865219250097742,72.33687,54.165584983775815,3.98926032448056,68.08536,12.076712691681417,35.84463565911451,140.29119,-50.181799000000005,75.610419,197.9720619321534,2.8575540103390296,206.26843,171.01814147492624,3.127848927623139,182.16142,-32.781853,-6.840757397975961,-140.18773635545725,-116.85255649115042
synth_session_2026-02-23_213644_v03_w04,678,29.55,22.944162436548222,5.358014732514749,26.29504644022316,-51.41672,56.70294,108.11966,-40.5631728,51.20793995,0.04364844903988183,0.0446272983945511,0.6739670424938877,118.8517625177563,87.45906508073868,498.36214999999953,59.316061867256636,4.937280628938341,73.43277,55.47573035250738,3.9470348251794247,66.70469,12.061538018643066,35.86807364073447,139.675913,-50.5723974,75.6280865,197.91224896755162,3.1181331350206936,209.39464,170.90979849557522,3.0300671140541864,179.1004,-31.556253000000012,-6.703523286128317,-138.59618710029497,-115.43406814306783
synth_session_2026-02-23_213644_v03_w05,678,29.55,22.944162436548222,5.445881445539823,27.608493447148945,-52.715157,58.80429,111.519447,-42.0052713,53.25627995,0.04364844903988183,0.0446272983945511,0.5553280766239267,110.2773382484038,81.46618668187381,471.75067857145063,59.57769699852508,5.081662146222535,74.06669,55.96382736283186,3.909982853198467,68.60754,12.070958581917406,35.84690436616002,139.16794,-50.700780449999996,75.60197840000001,198.0739286135693,3.0293049863384036,206.40123,170.87142162241886,2.924522912120391,181.91849,-27.648492999999988,-6.625077136377583,-138.49623161504422,-114.907594259587
synth_session_2026-02-23_213644_v03_w06,678,29.55,22.944162436548222,5.381581136873155,28.83929222725023,-57.97724,62.630096,120.607336,-44.69837895,56.68247595,0.04364844903988183,0.0446272983945511,2.898110305389231,110.26079613145906,79.80424827956288,711.2253499999837,59.24838473893805,4.997185733014925,75.21942,55.49471060914454,4.081029305386428,69.74439,12.062643657595872,35.85940787208148,139.964154,-50.629208500000004,75.75616600000001,198.07069640117993,2.9274529542024688,207.1613,170.98667355457226,2.805434484713231,179.44156,-19.356818000000004,-6.681062520722717,-138.82231166224187,-115.49196294542773
synth_session_2026-02-23_213644_v03_w07,678,29.55,22.944162436548222,5.364831840753689,29.780798356035096,-61.26377,64.61348,125.87725,-45.6202192,57.366464699999995,0.04364844903988183,0.0446272983945511,0.6542082530477955,105.46614636952071,78.73487040636795,375.7777777777637,58.02055780088496,4.9519180155782365,75.101776,54.38714764749263,4.131872489057998,67.99615,12.05844231480826,35.864398117365745,140.09401,-50.2227265,75.6521075,198.0176609439528,2.7770130293366115,206.09225,171.08801501474926,3.082831885906316,180.47833,-14.216759999999994,-6.693610474054572,-139.99710314306782,-116.70086736725662
synth_session_2026-02-23_213644_v03_w08,678,29.55,22.944162436548222,5.307851235336282,30.8645432319116,-61.138836,65.55609,126.694926,-48.6741562,59.213921,0.04364844903988183,0.0446272983945511,-0.44758065304455447,104.38142722716272,77.78401270042741,575.5962124999356,55.94096273451328,5.1466104910676265,73.87028,52.8665326858407,3.989665825855949,63.36123,12.078453009631271,35.8416397972292,140.454776,-50.2672145,75.6574356,198.090707359882,3.078979486598547,207.33307,170.96559293510325,2.9700340536948677,178.77635,-13.759850000000014,-6.770601774294989,-142.14974462536873,-118.09906024926255
synth_session_2026-02-23_213644_v03_w09,678,29.55,22.944162436548222,5.367976462560472,31.962001103766987,-62.139877,66.011986,128.151863,-49.382521499999996,61.526170949999994,0.04364844903988183,0.0446272983945511,-0.8186806820210029,104.99280983157153,76.8782869725588,447.78099999999966,54.075217603244845,5.2246271512137055,76.7034,50.57890088938052,4.201839970624728,62.51973,12.054727913775809,35.84147477584903,140.00535200000002,-50.2550378,75.60214359999999,198.1204222418879,2.9796387826908854,209.12924,171.0025036578171,3.168149100386833,181.20561,-11.853489000000025,-6.686751451215336,-144.04520463864304,-120.42360276843658
synth_session_2026-02-23_213644_v03_w10,678,29.55,22.944162436548222,5.372636554005457,32.59308183066595,-64.27622,67.730095,132.006315,-51.3081835,62.76722995,0.04364844903988183,0.0446272983945511,0.21700395730378277,97.90219899058329,73.11931738729845,459.09052380958406,50.84359337905605,5.160583597730641,65.91482,48.22476635693215,3.9902806869365484,64.15701,12.055254798451328,35.8555005467606,140.14546,-50.397149750000004,75.6635465,197.9035948672566,2.9692038350731145,206.75856,171.07115699115045,3.0533070499169197,180.76317,-8.139145000000013,-6.682618244445871,-147.06000148820056,-122.8463906342183
synth_session_2026-02-23_213644_v03_w11,678,29.55,22.944162436548222,5.214417299477876,33.67652208899377,-65.7442,68.69836,134.44256000000001,-53.6237318,64.87906725,0.04364844903988183,0.0446272983945511,0.8587309508402063,93.0246322488907,68.18868047051023,448.7124187499498,47.03932458554573,5.179695397157369,62.357056,45.10398145870207,4.035607850819415,57.019962,12.064838528303834,35.84419226542047,140.174312,-50.647411500000004,75.80090349999999,198.1916842920354,2.9710163119897466,208.66599,171.05434497050146,3.018326409481824,180.19464,-5.731751999999972,-6.850421228825958,-151.15235970648968,-125.9503635117994
synth_session_2026-02-23_213644_v04_w00,678,29.55,22.944162436548222,18.01707734713422,17.644691816453687,-23.061165,56.070892,79.132057,-12.08213185,49.188506249999996,0.04364844903988183,0.0446272983945511,-3.221662880310906,106.06483077216784,79.62250021061055,547.6228000000117,35.88184655014749,4.874825315249673,51.638893,36.18191567256637,4.009112017502572,47.310524,12.056496164690264,35.85660785888941,139.80551300000002,-50.5680633,75.5896264,197.96264793510326,2.982830323624343,205.62263,170.96854938053096,2.987606671105458,179.66237,-60.673456000000016,5.9605811824439545,-162.08080138495578,-134.7866337079646
synth_session_2026-02-23_213644_v04_w01,678,29.55,22.944162436548222,18.125865118441002,20.915222240483754,-27.39031,59.256165,86.64647500000001,-18.34079275,54.81667425,0.04364844903988183,0.0446272983945511,-0.24101177888027125,87.92404998106163,66.39814382079307,320.9922500000068,50.01053675958701,4.953485467088085,63.674747,47.91678114454277,4.077280870461117,61.78386,12.071922599557523,35.84301337634056,140.20284999999998,-50.00590895,75.70739615000001,198.01162514749262,2.999938093089656,208.1028,170.9884536578171,2.982625826669781,181.9473,-53.556374999999974,6.0539425188834795,-148.0010883879056,-123.07167251327434
synth_session_2026-02-23_213644_v04_w02,678,29.55,22.944162436548222,18.17364043836136,22.90539126724925,-29.926764,62.6193,92.546064,-21.738462,58.24803725,0.04364844903988183,0.0446272983945511,-1.0298331296251644,91.86548496812196,68.50255557412854,368.7955454545712,55.57067524631269,4.908000699751932,70.65632,52.51003836578171,3.91644755165224,62.760323,12.054957656548671,35.885223922359195,140.663612,-50.7569242,75.6797191,197.92543219764016,2.971455676161445,207.75385,171.10510595870204,2.983872719796426,180.38072,-48.117548,6.118682781812689,-142.3547569513275,-118.59506759292033
synth_session_2026-02-23_213644_v04_w03,678,29.55,22.944162436548222,18.235120435290852,24.699189141087082,-34.767773,66.22152,100.989293,-24.82446585,61.77622349999999,0.04364844903988183,0.0446272983945511,-1.2349719052300152,86.87829551827181,62.6323695394452,455.8670000000096,58.42954737463128,5.159308237263076,74.12296,54.90917880678466,4.076258182469494,66.39475,12.073812609439528,35.8641297452756,140.592762,-50.680095300000005,75.5928715,198.02882510324483,2.935023265444,209.33643,170.9464989675516,2.9235749463314478,179.5391,-39.60346899999999,6.161307825851324,-139.59927772861354,-116.03732016076694
synth_session_2026-02-23_213644_v04_w04,678,29.55,22.944162436548222,18.19709893079351,26.403211221022985,-37.545025,68.47051,106.015535,-27.532528149999997,64.7494975,0.04364844903988183,0.0446272983945511,0.9804129383358569,87.64996447297045,65.10723751201013,316.4746249999646,59.674989119469025,5.121248324511346,77.88312,55.63353636135694,4.051353569392002,68.36438,12.078316822187317,35.8435310146512,139.808266,-50.4427463,75.530134,197.93315898230088,2.8358599804643236,207.377,171.11692312684366,2.9222620121085883,181.43143,-33.792731,6.118782108606192,-138.25816986283186,-115.48338676548673
synth_session_2026-02-23_213644_v04_w05,678,29.55,22.944162436548222,18.090878024188793,27.884174341883423,-41.443424,71.39368,112.83710400000001,-29.812584949999998,67.4676635,0.04364844903988183,0.0446272983945511,-0.07126498827916661,76.621807783158,57.73739017726227,358.8831874999599,59.388468048672564,4.814000668554441,75.67671,55.41446385103245,4.033635871183503,66.41217,12.057914723731564,35.84638372653434,140.590174,-50.3634505,75.6744675,198.3590505899705,2.9765333101267393,207.76335,171.0996808702065,2.934512554169457,182.82082,-27.75306999999998,6.032963300457229,-138.97058254129794,-115.68521701917405
synth_session_2026-02-23_213644_v04_w06,678,29.55,22.944162436548222,18.215015872030975,29.244050051342146,-41.88268,74.41616,116.29884000000001,-32.11173745,69.91874949999999,0.04364844903988183,0.0446272983945511,-0.11643228132549197,79.79911899505265,59.35504304792103,275.6085041666562,57.94203845427729,5.102099080269514,76.0786,54.21152720058998,4.000747579566653,67.27232,12.078286585882006,35.85463378981728,139.748928,-50.23776245,75.6015671,197.9965675516224,2.8902430698624317,207.22246,170.9532825516224,2.977518541078989,178.61028,-23.450087999999994,6.136729286148968,-140.05452909734512,-116.74175535103242
synth_session_2026-02-23_213644_v04_w07,678,29.55,22.944162436548222,18.150326993348084,30.535067889235794,-46.227783,76.98424,123.212023,-34.4810298,71.8686075,0.04364844903988183,0.0446272983945511,0.8292910059921678,78.56490669339294,57.40098299416869,519.1915624999419,55.593631637168144,4.944555075362701,70.34136,52.60413784513274,4.1314167673164635,65.7295,12.07442206439528,35.85492378344467,140.048093,-50.22573825,75.7644304,198.02711918879055,2.963295185797689,208.08553,171.17455091445427,3.028982147011176,179.28337,-16.836069999999992,6.075904928952804,-142.43348755162242,-118.57041306932153
synth_session_2026-02-23_213644_v04_w08,678,29.55,22.944162436548222,18.193628687735988,31.92174062052005,-48.15698,78.21144,126.36841999999999,-37.14651945,74.4337005,0.04364844903988183,0.0446272983945511,0.8503571794824226,73.75371805224437,55.32905764763514,338.6614344444317,52.24152362241888,5.100564017347772,67.26212,49.73188736578171,3.903761687567661,61.70104,12.064849830324484,35.86183759899442,139.98171,-50.481188849999995,75.6780735,197.8891862536873,3.1210109006395257,206.58917,170.9285599705015,3.150270420408662,185.97983,-13.613290000000006,6.128778857411504,-145.64766263126842,-121.1966726047198
synth_session_2026-02-23_213644_v04_w09,678,29.55,22.944162436548222,18.14072510855457,33.082051852991825,-51.97764,81.44172,133.41936,-38.939020049999996,76.7559955,0.04364844903988183,0.0446272983945511,0.2535992394565296,77.49747941970466,56.275082322424694,426.7216592592431,48.09875574336283,5.101196198579541,64.93199,46.207887613569326,3.9052612691212207,59.02744,12.061218316887906,35.86083892524482,139.720974,-50.7171504,75.45158765000001,198.0382522861357,3.0624910770181146,206.41937,171.10517997050144,3.0140859674787825,180.50217,-6.301614000000001,6.079506791666663,-149.93949654277287,-124.89729235693211
synth_session_2026-02-23_213644_v04_w10,678,29.55,22.944162436548222,18.119118784846606,34.28757964027155,-53.274117,83.5113,136.785417,-41.1865412,78.5225765,0.04364844903988183,0.0446272983945511,-1.3361520676738987,77.22041061834884,56.769541418573716,320.93281249998785,43.43442725958702,4.844436476621935,58.54035,42.47090012831858,4.036728986517895,55.192505,12.068837497042773,35.85736812663531,139.711422,-50.79481605,75.6206845,197.93799153392334,2.998411146196893,207.1237,170.9335086578171,3.0752091808161963,180.24484,-2.9260050000000035,6.050281287803832,-154.50356427433633,-128.4626085294985
synth_session_2026-02-23_213644_v04_w11,678,29.55,22.944162436548222,18.11075928615634,35.413271703334715,-55.65065,83.90192,139.55257,-44.2221804,80.507137,0.04364844903988183,0.0446272983945511,0.7546959080030405,73.53232820929179,53.162264097918246,459.91787499994854,38.177229924778764,5.09143595275803,54.60929,38.11881896017699,3.9930744612707723,50.095585,12.063796281474925,35.85747011961583,140.079326,-50.28033475,75.60327175,197.93531656342182,2.865426170671144,206.48407,170.9733240117994,2.862356337237148,179.98027,-0.526756000000006,6.046963004681416,-159.75808663864305,-132.85450505162243
synth_session_2026-02-23_213644_v05_w00,678,29.55,22.944162436548222,7.945118188146017,20.362038839789886,-34.91613,48.025116,82.941246,-27.0774185,43.88360405,0.04364844903988183,0.0446272983945511,1.1529530508277674,61.7971478920639,45.37937401885308,305.3135062499658,36.21794734513274,4.895977451873239,52.135845,35.987972168141596,4.042545806403635,49.503487,12.06896759595723,35.83184079336934,139.711083,-50.523979399999995,75.6649271,197.93822443952803,3.0327893254670957,207.6681,170.9570932743363,2.9135106681779828,179.51819,-56.769836999999995,-4.123849407811212,-161.72027709439527,-134.9691211061947
synth_session_2026-02-23_213644_v05_w01,678,29.55,22.944162436548222,7.939661673204779,22.680765290469314,-39.71577,50.4944,90.21017,-31.31275765,47.8843515,0.04364844903988183,0.0446272983945511,0.36787639499368097,61.00225913123626,46.0674129986758,335.040579166654,48.35647813421829,4.9479286783259955,67.28857,46.0992312581121,3.904940394677235,57.743393,12.071501416755162,35.85277614535193,140.281875,-50.752706599999996,75.73014,198.03425915929205,3.008449452981383,206.58089,171.08094002949852,2.897408681025259,179.97618,-50.07170500000001,-4.131839743550382,-149.67778102507376,-124.98170877138642
synth_session_2026-02-23_213644_v05_w02,678,29.55,22.944162436548222,7.92314501737168,24.12773874180557,-43.301075,53.524075,96.82515000000001,-34.1111011,50.3156709,0.04364844903988183,0.0446272983945511,-1.1168485464464113,58.10676820498467,42.622194362062274,251.81277777776822,53.9746268318584,4.7632225378847695,66.21625,51.02909610324483,3.95614784236051,63.000317,12.085338015103243,35.86041773915374,140.247753,-50.393112699999996,75.6932255,197.83965629793508,2.8887251283713002,206.50264,170.92015591445428,2.9725434498329064,179.69652,-43.42260299999998,-4.162192997731563,-143.8650294660767,-119.89105981120946
synth_session_2026-02-23_213644_v05_w03,678,29.55,22.944162436548222,7.937225877398229,25.39636432662426,-46.188316,55.7259,101.91421600000001,-35.9797455,52.7718156,0.04364844903988183,0.0446272983945511,0.4485327798252827,58.32723178944529,42.73426647287159,307.18114124996566,57.22816684070797,4.950832286187293,72.08202,53.405756022123896,4.0459486875665,64.74329,12.060074375855457,35.84003144040713,140.303287,-50.5494888,75.57063649999999,197.92074706489674,2.9422629347151004,205.75488,171.1914296165192,2.9965178616227273,180.79454,-38.389071,-4.122848498457228,-140.69258022418876,-117.7856735943953
synth_session_2026-02-23_213644_v05_w04,678,29.55,22.944162436548222,8.006686732865782,26.490136365243064,-47.390186,56.961014,104.3512,-38.1968385,54.91044955,0.04364844903988183,0.0446272983945511,0.5386309579213888,58.1764144899591,40.8056194295444,422.3684099999527,59.31733507079645,4.751165675177249,72.75131,55.409960315634216,3.7990877551762945,68.14069,12.068107423171092,35.838444076454905,140.3863,-50.606146249999995,75.67554225,197.93099001474928,3.052021307642669,205.9896,170.99092513274334,3.08366969970236,180.31903,-36.0351,-4.06142069030531,-138.61365494395284,-115.58096481710913
synth_session_2026-02-23_213644_v05_w05,678,29.55,22.944162436548222,7.911559012303981,27.512030385420598,-49.101097,59.315098,108.416195,-39.97137795,56.69034155,0.04364844903988183,0.0446272983945511,0.20653284238310743,55.72478313866405,40.38558458490819,272.01354062496955,60.29269630383481,5.09911727993026,77.304596,55.76324972566371,4.047730350549811,67.440895,12.059651607699113,35.84167825021849,139.826455,-50.381837950000005,75.64401299999999,197.99155620943952,2.9844073159477635,208.59245,171.2565184660767,3.0276158818126904,179.4772,-31.410260000000008,-4.1480925953951315,-137.6988599056047,-115.49326874041299
synth_session_2026-02-23_213644_v05_w06,678,29.55,22.944162436548222,8.003342711029644,28.504177834914397,-51.00719,61.73085,112.73804,-41.6449104,58.20333795,0.04364844903988183,0.0446272983945511,0.001126583854600881,56.356723026221594,39.675946133323116,354.42180812496036,60.01149955014749,4.958108371451331,72.95033,56.43149010619469,3.881853351912457,67.99375,12.051234016474927,35.85389948984897,140.136806,-50.49133075,75.6928775,197.8456380678466,2.9042932503721417,206.95709,171.00530166666664,3.0105813908875523,180.01157,-27.39876600000001,-4.047891305445283,-137.8341385176991,-114.57381156047195
synth_session_2026-02-23_213644_v05_w07,678,29.55,22.944162436548222,7.9186748001725675,29.442512910740582,-54.148224,63.06643,117.214654,-42.6938349,59.89598055,0.04364844903988183,0.0446272983945511,1.0299555371153966,56.65872070214141,40.78688746878054,354.5167687499603,59.802571504424776,5.092604658155214,74.30392,55.58133880825958,4.01744632937996,70.54841,12.063028045088497,35.83851396936144,139.94644399999999,-50.713549449999995,75.5788775,198.07209853982303,3.126098767463805,207.67946,170.79599632743364,3.033386017129545,181.64984,-22.73178999999999,-4.14435324491593,-138.26952703539826,-115.21465751917407
synth_session_2026-02-23_213644_v05_w08,678,29.55,22.944162436548222,7.971604638710914,30.314477565185076,-55.01133,64.251396,119.262726,-44.8955857,61.623984899999996,0.04364844903988183,0.0446272983945511,0.19893620277827637,53.90217065948624,38.59038978154441,302.9106047619445,58.3112664321534,4.879953585380071,74.11259,54.78287297345133,3.9598805024592445,67.68747,12.059921502286135,35.859662867656354,140.500874,-50.40980965,75.69896475,198.14344113569322,2.9828959270069424,206.59503,171.0333854719764,3.057445510986953,178.94046,-21.23814800000001,-4.088316863575222,-139.8321747035398,-116.25051249852507
synth_session_2026-02-23_213644_v05_w09,678,29.55,22.944162436548222,7.9436858794705,31.18770074825477,-56.690163,66.99841,123.688573,-45.6874829,62.857079500000005,0.04364844903988183,0.0446272983945511,-0.2936569830336665,55.166002908204284,39.06044602925479,390.90195624995624,56.50430147345132,4.8165261191822175,76.86823,53.104289676991144,3.696849308495024,63.34846,12.075419367417402,35.85310581452006,140.20794,-50.39858805,75.57184910000001,197.95111727138644,3.1391474893359046,206.91968,170.85124194690266,2.977683815836767,181.15456,-16.519367000000003,-4.131733487946901,-141.44681579793513,-117.74695226991152
synth_session_2026-02-23_213644_v05_w10,678,29.55,22.944162436548222,7.936580450782892,31.943467426539417,-57.89495,68.274734,126.16968399999999,-48.4594585,64.6706466,0.04364844903988183,0.0446272983945511,0.8001255898904605,53.903292793006734,37.86744332378546,307.37784374996556,54.49969105899705,4.828642823732865,71.02163,51.137265542772866,3.899038315929336,64.00168,12.064521303859882,35.85308654841335,140.071742,-50.563694500000004,75.5226315,198.15828060471975,3.009103798319059,209.5376,170.96999144542772,2.9352061753174685,179.4957,-13.902058000000011,-4.12794085307699,-143.6585895457227,-119.83272590265486
synth_session_2026-02-23_213644_v05_w11,678,29.55,22.944162436548222,7.977191497722273,32.8093220087459,-60.048134,68.26011,128.308244,-49.4465208,65.943473,0.04364844903988183,0.0446272983945511,0.043950170379987406,54.487122379412014,38.03620224245747,359.0650761905233,51.41997430530973,4.905749180005398,65.151596,48.64156301327433,4.100711911166402,60.37443,12.054540060471975,35.83932223119616,140.319574,-50.246178799999996,75.6705659,198.0015447935103,3.0290340821722266,207.57036,171.13614907079648,2.9545285854009267,180.13562,-12.011329999999987,-4.077348562749703,-146.58157048820058,-122.49458605752216
synth_session_2026-02-23_213644_v06_w00,678,29.55,22.944162436548222,19.307909916772864,20.112116021956222,-23.898859,58.161453,82.06031200000001,-15.334664799999999,54.63040255,0.04364844903988183,0.0446272983945511,0.12496342595176109,83.59447777274247,62.6563975405711,358.03336842108376,35.80749895132744,5.138041054581057,52.751606,36.174938831858405,4.132483598272571,48.13021,12.066194132772862,35.8463510080194,140.254196,-50.3053106,75.715142,198.0012873303835,2.9902946742533496,206.96518,170.98988744837757,2.9591776913989105,179.77998,-58.193884,7.241715784000002,-162.19378837905606,-134.81494861651916
synth_session_2026-02-23_213644_v06_w01,678,29.55,22.944162436548222,19.314749715678467,22.202802669131156,-28.160563,62.59034,90.750903,-19.02912115,57.988745949999995,0.04364844903988183,0.0446272983945511,0.09865162540044758,79.56842990780878,58.960555709030935,322.3989289999997,49.10390850737463,5.078744480892689,65.91741,46.45873496460177,3.852846573291158,58.722084,12.046240907964602,35.85178576943309,140.326766,-50.4409075,75.4895895,198.10083348082594,3.1434345997568256,209.97768,171.03181302359883,3.019189480854605,179.07199,-49.575863,7.268508807713864,-148.9969249734513,-124.57307805899705
synth_session_2026-02-23_213644_v06_w02,678,29.55,22.944162436548222,19.361293098763273,23.558170802738672,-30.106651,65.221275,95.327926,-21.133728899999998,60.55417799999999,0.04364844903988183,0.0446272983945511,0.5653185873465133,75.24457333571846,56.0198403841224,296.75388235295065,55.071342567846614,5.0030051466904775,71.91147,51.81739817846608,4.159846453189864,66.75643,12.060590428259587,35.835226466540675,140.328698,-50.32697005,75.59330475,197.81652041297934,3.1403438663481977,209.24016,171.143068259587,2.9622680414983575,180.43701,-45.000772,7.300702670503686,-142.74517784513273,-119.32567008112093
synth_session_2026-02-23_213644_v06_w03,678,29.55,22.944162436548222,19.25816862225221,24.57759546816832,-32.347645,65.947205,98.29485,-23.2396809,62.514458,0.04364844903988183,0.0446272983945511,1.3262722308515158,74.16427876501557,56.16356992997527,270.20121851850826,58.68774762684367,5.102228473654176,76.497215,54.73146052949853,3.8758304371172496,67.43082,12.050699295427728,35.837770306431885,140.19059299999998,-50.09962925,75.55766324999999,197.88399134218287,3.0265215851975165,208.7279,170.93540482300884,2.9805357327707376,179.638,-41.89574299999998,7.207469326824482,-139.1962437153392,-116.20394429351032
synth_session_2026-02-23_213644_v06_w04,678,29.55,22.944162436548222,19.27585922846755,25.620698375341835,-35.061836,68.65188,103.713716,-24.752326949999997,64.24412275,0.04364844903988183,0.0446272983945511,-0.23688359501144793,76.82708661973417,56.00879934571853,463.49062499994807,61.4341979498525,5.1032599076455165,75.3828,57.21171839380531,3.815845797040758,71.06501,12.056390456135697,35.85041204753107,139.99845,-50.3514635,75.65483499999999,198.00425218289084,2.9748935085779133,207.42941,170.91946966076696,2.9652717278565057,179.44043,-36.284733999999986,7.219468772331853,-136.57005423303832,-113.70775126696165
synth_session_2026-02-23_213644_v06_w05,678,29.55,22.944162436548222,19.360950649650444,26.490583055597384,-36.066147,69.91003,105.976177,-26.8238472,66.00210949999999,0.04364844903988183,0.0446272983945511,0.2013159373579158,67.61545150131526,49.86486705128117,410.00324999995416,62.982714233038344,5.102227436695826,79.19662,58.35637953539823,4.081406703969972,75.39369,12.070091344228613,35.849110649900176,140.230993,-50.38533485,75.67576650000001,198.00164303834808,2.8667491962054257,206.0173,170.86130727138644,2.974576304035613,180.2299,-34.254816000000005,7.290859305421831,-135.01892880530974,-112.5049277359882
synth_session_2026-02-23_213644_v06_w06,678,29.55,22.944162436548222,19.34028786173304,27.37332434903872,-39.02453,71.24484,110.26937,-28.996342300000002,67.52383400000001,0.04364844903988183,0.0446272983945511,-1.2031677964035985,70.15214106626712,52.029262022225474,304.835874999966,63.75371637020648,5.0557787634605225,78.99107,59.333309772861355,4.202290199099964,73.39298,12.081708847522124,35.855317684491325,140.29923300000002,-50.111181,75.671276,198.03618893805313,2.9754200276258156,207.58356,171.06057936578173,2.998829356639194,180.51805,-30.02986300000002,7.258579014210914,-134.28247256784664,-111.72726959292038
synth_session_2026-02-23_213644_v06_w07,678,29.55,22.944162436548222,19.325039822376105,28.18333800901447,-39.0365,72.49454,111.53103999999999,-29.076021299999997,69.14474374999999,0.04364844903988183,0.0446272983945511,0.682834769331089,65.27567008589844,49.39879409745571,278.735971428608,63.86441669911504,4.986028089192621,82.62245,59.25956442182891,4.086986893570531,72.19007,12.07759174035398,35.835341033681225,139.777927,-50.28944429999999,75.68344549999999,197.9023374041298,3.044557445755856,206.90866,171.19312799410028,3.048821252903805,180.65526,-28.246887000000015,7.2474480820221245,-134.03792070501476,-111.93356357227137
synth_session_2026-02-23_213644_v06_w08,678,29.55,22.944162436548222,19.352403106707964,28.967787204752717,-41.164715,75.319374,116.484089,-31.21658705,70.3748835,0.04364844903988183,0.0446272983945511,-0.7210024835571975,64.43374348366177,47.68043589086618,329.7571000000433,63.35231374631268,4.939753703234419,77.96458,58.909544355457236,3.9870699208074747,70.689255,12.070047978709438,35.855748067911684,139.860062,-50.57185965,75.5845249,197.97510044247787,2.962929863701811,206.91124,170.9799709439528,3.152666768834578,179.69208,-23.375973000000002,7.282355127998526,-134.62278669616518,-112.07042658849556
synth_session_2026-02-23_213644_v06_w09,678,29.55,22.944162436548222,19.271160273264012,29.766387962842238,-43.09379,75.46506,118.55884999999999,-32.3234355,72.2847041,0.04364844903988183,0.0446272983945511,-0.021979317603520496,64.66120049112664,47.784906433047226,335.7853571429012,62.2237897020649,4.802913531915356,77.583305,57.90356850737464,3.981738028902833,71.31502,12.07659871637168,35.8590723526271,139.76176,-50.066038049999996,75.6714844,198.1315295132743,2.9146223910131464,206.21902,171.0614004277286,2.8876232158756405,181.24008,-21.202910000000017,7.194561556892332,-135.9077398112094,-113.15783192035397
synth_session_2026-02-23_213644_v06_w10,678,29.55,22.944162436548222,19.283407311710917,30.57690199495731,-44.305172,77.06905,121.374222,-33.112501300000005,73.32344499999999,0.04364844903988183,0.0446272983945511,-0.3489104706316672,65.25422029833611,47.69515765266143,392.48262499995593,60.80490332300885,4.780838763356933,75.75924,56.76736882448378,3.869497363874711,68.27501,12.053998025722713,35.868273595139584,140.19563,-50.706768,75.6876369,198.07879415929202,3.0725137786034047,207.7913,170.97500564896757,2.8827712080209884,179.288,-18.82140799999999,7.229409285988204,-137.27389083628316,-114.20763682448379
synth_session_2026-02-23_213644_v06_w11,678,29.55,22.944162436548222,19.304932232890852,31.30228642018859,-46.3708,78.35412,124.72492,-34.97150255,74.56012899999999,0.04364844903988183,0.0446272983945511,-1.4483118381709308,60.68714815979373,43.97369164474884,361.1317812499596,59.04717254572272,5.061319864163733,73.642586,55.20427095280236,4.024944235726981,68.144325,12.040684436887904,35.84582093859289,139.74011,-50.42932825,75.74475,198.0845409292035,3.0068548410146945,209.87682,170.9421920501475,3.0609996588314337,181.48044,-15.01518999999999,7.264247796002948,-139.03736838348078,-115.73792109734514
synth_session_2026-02-23_213644_v07_w00,678,29.55,22.944162436548222,5.4341823609144555,26.121456278997474,-51.533844,57.40363,108.93747400000001,-39.1839681,51.1278958,0.04364844903988183,0.0446272983945511,0.6251534131386821,133.2993427210013,98.96896398369277,510.87683333336435,36.06814674336283,4.820500728635311,50.309227,35.8953693539823,4.273458049470111,49.0891,12.079671991932154,35.85736757432973,140.599365,-50.26653525,75.59664625,198.04255861356933,3.0034307996421985,212.01909,170.98718727138643,3.0175917017852107,180.80266,-31.661890999999997,-6.645489631017698,-161.9744118702065,-135.09181791740411
synth_session_2026-02-23_213644_v07_w01,678,29.55,22.944162436548222,5.365951639726843,27.87366704910159,-55.51385,58.952435,114.466285,-42.192780899999995,54.470744249999996,0.04364844903988183,0.0446272983945511,0.144682180295724,118.8542406593575,88.76407081584611,478.52447368420724,43.605933117994105,4.872512438713471,59.242195,42.24195762094396,4.088042592961176,54.54548,12.060612966445428,35.86348268499914,140.01131,-50.565649549999996,75.70776000000001,198.13544958702064,3.0549437114813265,206.69562,170.9474291740413,3.058932540654667,178.60403,-25.54502500000001,-6.694661326718585,-154.52951646902653,-128.70547155309734
synth_session_2026-02-23_213644_v07_w02,678,29.55,22.944162436548222,5.53253969055295,28.664452325586026,-57.406574,62.368767,119.775341,-43.915376800000004,55.52953684999999,0.04364844903988183,0.0446272983945511,2.37856458389203,133.0283788429015,97.62875056507251,524.631277777758,46.792085949852506,5.180499812409591,64.38761,45.09369697492625,4.035716624963659,56.593433,12.072292815929202,35.84363974365362,139.873742,-50.47007695,75.67858410000001,197.9417243510324,2.994938353032051,208.26389,171.08048914454278,3.0842870879421653,180.73701,-20.098400999999996,-6.539753125376253,-151.1496384011799,-125.98679216961654
synth_session_2026-02-23_213644_v07_w03,678,29.55,22.944162436548222,5.527018343682744,29.521000980812328,-58.370586,61.48008,119.850666,-43.497882399999995,57.631930399999995,0.04364844903988183,0.0446272983945511,0.419572296168476,120.09599555198548,89.50855567037001,454.62972727272233,48.76616443215339,4.795070744430785,61.80563,46.780233471976395,4.101670895051611,59.035576,12.07145137153245,35.86181029868395,140.38296,-50.2489412,75.7260845,197.8912378023599,2.8654401168650976,207.1913,170.98575600294987,2.935049834664802,179.998,-20.532293999999993,-6.544433027849707,-149.1250733702065,-124.20552253097347
synth_session_2026-02-23_213644_v07_w04,678,29.55,22.944162436548222,5.457101762349558,30.278069609676614,-60.269672,63.404755,123.67442700000001,-47.0093312,58.70137705,0.04364844903988183,0.0446272983945511,0.8229594280640596,109.60122826439277,81.8583933695628,404.1233750000086,50.220215973451324,4.766268673320853,65.91943,47.54304136430679,3.8433313102026254,58.079464,12.050271004675517,35.870925776830205,140.120575,-50.449254700000004,75.72593875,197.87552837758113,2.9832293906797314,207.01897,170.9389692035398,2.9552739837114967,179.58444,-16.446147999999994,-6.593169242325959,-147.6553124041298,-123.39592783923302
synth_session_2026-02-23_213644_v07_w05,678,29.55,22.944162436548222,5.400672284643069,30.965143750248583,-60.857323,64.95348,125.81080299999999,-47.681527,60.1605625,0.04364844903988183,0.0446272983945511,3.2700880543424375,110.59127529186513,80.81820524186482,462.68381818181314,50.30931464454277,5.06926037455103,66.32435,47.80833295427728,3.899944185163851,58.499477,12.06776368923304,35.879719003346025,139.821124,-50.781487049999996,75.738197,198.04615656342182,2.9251472770194185,205.22472,171.0365247640118,3.003747930210935,180.31786,-14.010321000000005,-6.6670914045899705,-147.73684191887904,-123.22819180973451
synth_session_2026-02-23_213644_v07_w06,678,29.55,22.944162436548222,5.59226672328761,31.519118928995617,-60.65059,65.29318,125.94377,-48.45812065,61.0505992,0.04364844903988183,0.0446272983945511,1.1859722869821583,109.49346904557665,80.0033968319504,477.1971999999995,50.132381374631265,4.7467203849633,65.117455,47.649618499999995,4.102871659064198,60.003162,12.063426888182892,35.84709592602024,139.78291000000002,-50.5544345,75.809014,198.04579626843656,3.014141778803398,206.35277,171.0206493657817,3.026828172723692,179.54626,-13.839140000000015,-6.471160164895283,-147.91341489380528,-123.3710308657817
synth_session_2026-02-23_213644_v07_w07,678,29.55,22.944162436548222,5.586517125783187,32.179989883116214,-62.24834,66.808105,129.056445,-50.849022399999996,62.570724500000004,0.04364844903988183,0.0446272983945511,2.847330630238525,94.75566702369652,69.21665378240121,374.87499999999136,49.882538803834805,5.240153572440212,65.11118,47.20720574778761,3.934481075297766,56.781834,12.052947428520648,35.85770969667428,139.98721,-50.401421850000006,75.6713555,198.1171759587021,3.023157207395007,207.44304,170.91032669616519,3.1014590629193073,179.94986,-10.930765000000008,-6.466430302737461,-148.2346371548673,-123.70312094837757
synth_session_2026-02-23_213644_v07_w08,678,29.55,22.944162436548222,5.374664377920354,32.7501683850997,-66.10343,69.341705,135.445135,-51.23040995,63.05565985,0.04364844903988183,0.0446272983945511,1.1965143261932838,97.31069649636244,72.74705416597206,377.9868148148005,48.806286179941004,5.044070946910963,63.166763,46.52750182448378,3.8903046944621127,59.538094,12.061539494100295,35.848803582969744,139.955003,-50.859312,75.52815175,198.01732687315632,2.9536071952943153,207.09525,170.89264836283186,3.146256775879174,178.78543,-4.5098680000000115,-6.686875116179941,-149.21104069321532,-124.36514653834809
synth_session_2026-02-23_213644_v07_w09,678,29.55,22.944162436548222,5.651618025865782,33.24684166607775,-64.25773,67.95129,132.20902,-52.21063805,64.1681396,0.04364844903988183,0.0446272983945511,0.6178826037503857,93.20980318075466,67.98060808441777,406.5644210526289,47.53655110471976,4.722525916851359,62.608955,45.34860373008849,3.9653861176873497,60.208168,12.050288665575222,35.83581681999758,140.214957,-50.58683385,75.65202925,197.99019240412974,2.9850324299817492,206.46733,170.9168512979351,3.0428340020149593,180.8527,-8.005936999999989,-6.398670639709439,-150.45364129940998,-125.56824756784661
synth_session_2026-02-23_213644_v07_w10,678,29.55,22.944162436548222,5.504490279989676,33.81028322085517,-65.56697,69.22878,134.79575,-53.26572155,64.687072,0.04364844903988183,0.0446272983945511,0.5406588987762108,89.39985004136597,67.27372263492056,436.9602380952953,45.706974050147494,4.990497779394183,62.551918,44.2315812640118,4.027049841359755,54.13341,12.058787407227138,35.84592707935076,140.389958,-50.31432045,75.4510105,198.21955393805308,3.015389258589085,207.55363,171.07785109144544,2.913990993994003,179.25563,-5.594208000000009,-6.5542971272374615,-152.5125798879056,-126.84626982743364
synth_session_2026-02-23_213644_v07_w11,678,29.55,22.944162436548222,5.555348900426253,34.26664246177498,-66.47955,70.4435,136.92305,-53.18282065,65.93461309999999,0.04364844903988183,0.0446272983945511,1.1796341795271477,91.96411984603147,67.49866534808822,440.4623333333912,44.00974489085546,4.93159286191539,58.974823,42.59565068879056,3.944983864907051,53.53256,12.067322935339233,35.8363795601805,140.174017,-50.0155163,75.5292235,198.1450655457227,2.976853064633162,208.3213,171.18050029498525,3.060638021530858,182.63872,-3.250967000000003,-6.5119740349129795,-154.13532065486726,-128.5848496061947
synth_session_2026-02-23_213644_v08_w00,678,29.55,22.944162436548222,10.087716097175518,21.768427273679297,-38.716927,54.07784,92.79476700000001,-27.071284799999997,48.009660000000004,0.04364844903988183,0.0446272983945511,-0.44734138413144053,131.98375715421247,97.8872968111104,603.1955000000523,35.69792061946903,4.986393816132608,51.68031,35.827075532448376,3.954472720959624,46.67516,12.055900726696166,35.85269400294365,139.792804,-50.415659049999995,75.6056604,197.97890980825963,2.9986186117810774,206.27007,171.16073362831858,3.011439226053055,180.50427,-46.99803699999998,-1.968184629520648,-162.2809891887906,-135.3336580958702
synth_session_2026-02-23_213644_v08_w01,678,29.55,22.944162436548222,9.86713004648525,23.860070437910956,-43.191776,57.199425,100.391201,-31.9261736,51.95077305,0.04364844903988183,0.0446272983945511,-2.4593378904007923,123.406999475335,90.75847471902735,554.3072000000117,47.735457076696164,5.102042380678905,65.09572,45.547593280235986,3.810711093733091,55.442875,12.050486203716815,35.8497130173883,140.344396,-50.768666,75.73355724999999,198.01038998525075,3.0589193681162996,207.34413,171.050897640118,2.9933752289443363,181.30553,-39.953194999999994,-2.1833561572315645,-150.2749329085546,-125.50330435988201
synth_session_2026-02-23_213644_v08_w02,678,29.55,22.944162436548222,10.155264195663717,25.170792551764357,-45.12997,61.832577,106.962547,-33.087233499999996,54.13647014999999,0.04364844903988183,0.0446272983945511,1.3761479790994773,119.1432402272282,87.32469150383507,528.9607812499409,52.40591147197641,5.01900887025975,66.698814,49.54331425368732,3.9182117506103324,61.712234,12.062033873377581,35.87391296270477,140.00874,-50.9007711,75.5850054,197.90052293510325,3.0980477112425007,210.4327,171.07461044247788,2.997099104854684,180.0613,-33.04619299999999,-1.9067696777138643,-145.49461146312683,-121.53129618879055
synth_session_2026-02-23_213644_v08_w03,678,29.55,22.944162436548222,10.052934209764013,26.04560449838738,-45.799393,60.695366,106.494759,-35.4636495,55.767820949999994,0.04364844903988183,0.0446272983945511,-0.3563396027574193,106.42446047166085,78.49426765884402,432.90538095236474,55.66126458554572,4.875032822568202,70.575615,52.48539225663717,4.045745647781183,64.69253,12.045458954734514,35.83963197497153,140.49690999999999,-50.220141999999996,75.523766,197.98749159292038,2.9616958067704573,206.63194,171.0806856784661,2.952216529946414,178.96672,-34.002150999999984,-1.9925247449705008,-142.32622700737465,-118.59529342182893
synth_session_2026-02-23_213644_v08_w04,678,29.55,22.944162436548222,10.046036506716815,27.091732947561063,-47.26726,65.7672,113.03446,-36.6688045,57.6124357,0.04364844903988183,0.0446272983945511,-0.004661344631870095,110.15622362586095,83.24923905729739,469.29149999999674,58.093756269911516,4.990605243088732,72.911026,54.43876456637168,3.9079877436059163,65.26588,12.056199379646019,35.85047238420985,140.124157,-50.3764315,75.62232,198.21118510324482,3.1367083560615963,208.39107,170.80730325958703,3.1381798837049026,180.20445,-27.089697,-2.010162872929204,-140.1174288333333,-116.36853869321536
synth_session_2026-02-23_213644_v08_w05,678,29.55,22.944162436548222,10.16474011622419,27.998564331064504,-51.125637,64.24919,115.374827,-37.53127625,59.6010748,0.04364844903988183,0.0446272983945511,0.45753364925869905,105.82632620082917,77.23763514484895,376.40771428573186,58.91487002359881,4.950332850432412,74.25706,55.38073861799409,3.9788713626983556,69.61563,12.072085748156342,35.84983930723131,139.522496,-50.560397449999996,75.711183,197.92473818584074,3.102908940159386,207.06085,171.08894786135693,3.0051318922254477,180.41164,-24.147668999999993,-1.9073456319321522,-139.00986816224193,-115.70820924336283
synth_session_2026-02-23_213644_v08_w06,678,29.55,22.944162436548222,9.985647464505014,28.80078358633579,-49.97677,65.35134,115.32811,-38.84736225,60.8827965,0.04364844903988183,0.0446272983945511,1.483457700059746,101.10966283855615,74.32951264747813,385.17712499995685,59.325344991150445,5.235872671860541,74.1808,55.20859746902655,3.979749484122842,67.609566,12.06189163428761,35.84535944234673,140.007376,-50.470107299999995,75.6381045,197.9567510029499,2.965795607584237,206.5769,171.04972269911505,2.9885586076456137,180.36755,-24.679266,-2.076244169782596,-138.63140601179944,-115.8411252300885
synth_session_2026-02-23_213644_v08_w07,678,29.55,22.944162436548222,10.115097734038349,29.608883772143198,-53.59842,67.09853,120.69694999999999,-40.498397749999995,62.74178925,0.04364844903988183,0.0446272983945511,1.7814814179743794,98.36865784349757,73.80311763967474,397.6267749999555,59.01816218436578,4.8424001909758285,73.46683,55.47403376106194,4.129775644376708,68.85863,12.080487089233037,35.850960317090156,140.48425500000002,-50.670507449999995,75.56730725,198.06488321533925,2.9733672404619313,208.16286,171.02728147492624,3.0937897317895464,179.59766,-19.787305000000032,-1.965389355194688,-139.04672103097346,-115.5532477138643
synth_session_2026-02-23_213644_v08_w08,678,29.55,22.944162436548222,10.03290943093953,30.317217959047515,-55.18333,68.108925,123.292255,-42.10936815,63.587907799999996,0.04364844903988183,0.0446272983945511,0.6653633903385204,96.44050363587898,70.03836566424036,425.1503333333891,58.374029405604716,5.003458746798372,75.90851,54.667356827433636,3.9420300693550216,66.974365,12.0539281930236,35.862898562737755,140.309986,-50.3554893,75.64565999999999,197.9662015486726,2.953432006830313,207.6625,170.8163519764012,2.9093896781525554,179.49658,-17.017731000000012,-2.0210187620840703,-139.59217214306787,-116.14899514896756
synth_session_2026-02-23_213644_v08_w09,678,29.55,22.944162436548222,10.101445215787614,31.13655121002529,-56.283863,68.370026,124.65388899999999,-43.57194405,64.5791941,0.04364844903988183,0.0446272983945511,1.7287872358657808,92.10849290696146,68.46262998280855,368.61956249999986,57.326130266961655,4.954852951312613,71.42206,53.55614055457227,4.094989809581258,65.023895,12.06123224879056,35.84500063481323,140.068691,-49.99757685,75.5339852,197.8644498525074,3.1679460434849323,206.58029,170.94399334808259,3.07600835721322,180.51167,-15.414802000000009,-1.9597870330029465,-140.53831958554574,-117.38785279351032
synth_session_2026-02-23_213644_v08_w10,678,29.55,22.944162436548222,10.062483023482303,31.74452971521291,-57.85329,69.33927,127.19256,-44.9396165,65.97001825000001,0.04364844903988183,0.0446272983945511,-1.0098579290879202,86.34084205614552,62.784137973861796,411.195851874954,55.73746112979352,4.868055175817104,73.94565,52.370349151917395,3.8499322045579705,66.981964,12.036341660766961,35.84054437441052,139.798004,-50.4863243,75.50007325,198.1426311061947,2.984301593120405,207.19165,170.93831064896756,2.9689711208287153,179.24199,-12.605443999999991,-1.9738586372846587,-142.40516997640117,-118.56796149705016
synth_session_2026-02-23_213644_v08_w11,678,29.55,22.944162436548222,10.07809449279646,32.42846239244578,-56.73473,71.94948,128.68421,-47.3097006,67.3845651,0.04364844903988183,0.0446272983945511,-0.5636778101300712,87.50162017049713,64.93806962881898,426.4967142857703,52.90479984955752,4.9142848876366125,67.41109,50.361073471976404,3.9700054656508437,61.95472,12.068480704306785,35.850055435359415,140.337577,-50.0695498,75.5935145,198.04365261061946,2.8977691711830866,207.17302,171.0355520058997,3.077773427239606,180.04048,-11.653367000000003,-1.9903862115103248,-145.13885276106194,-120.67447853392329
