timestamp,device_timestamp_ms,knee_angle_deg,emg_quad_envelope,emg_ham_envelope,left_knee_angle_deg,left_emg_quad_envelope,left_emg_ham_envelope
2026-05-16 05:48:29.615046+00:00,0,-9.917408,40.145687,42.324814,-14.801657,200.29366,166.12897
2026-05-16 05:48:29.650046+00:00,35,-10.878629,47.80205,40.35173,-14.256899,197.84319,170.33318
2026-05-16 05:48:29.675046+00:00,60,-12.257277,45.052246,48.52889,-14.434022,197.21059,170.18669
2026-05-16 05:48:29.705046+00:00,90,-11.895939,54.004253,46.685974,-14.51426,191.30296,165.29497
2026-05-16 05:48:29.755046+00:00,140,-11.888864,51.533386,43.626503,-14.541594,197.67065,173.99152
2026-05-16 05:48:29.777046+00:00,162,-11.38164,49.39115,42.85022,-14.997288,197.8064,177.29916
2026-05-16 05:48:29.799046+00:00,184,-9.984129,48.78303,46.35253,-14.848467,195.08345,167.30804
2026-05-16 05:48:29.815046+00:00,200,-11.060517,58.051342,41.772545,-14.394387,198.69894,168.61281
2026-05-16 05:48:29.863046+00:00,248,-12.140192,48.30341,48.28592,-14.586606,195.41373,168.016
2026-05-16 05:48:29.883046+00:00,268,-12.726762,53.027836,44.88061,-14.006158,197.52794,173.2662
2026-05-16 05:48:29.943046+00:00,328,-11.421614,60.04518,51.863983,-15.047507,199.00958,176.11311
2026-05-16 05:48:29.963046+00:00,348,-10.242669,53.81583,45.93252,-14.444507,196.83383,169.7802
2026-05-16 05:48:30.002046+00:00,387,-12.60509,52.16929,51.978596,-14.6431675,200.73619,173.92722
2026-05-16 05:48:30.029046+00:00,414,-11.489855,48.707047,48.911087,-14.159798,198.44942,169.7285
2026-05-16 05:48:30.097046+00:00,482,-11.244496,47.925922,38.871437,-14.478808,195.328,170.85812
2026-05-16 05:48:30.116046+00:00,501,-11.023471,38.01098,46.565315,-14.6480055,198.6497,169.32922
2026-05-16 05:48:30.160046+00:00,545,-9.269198,40.386345,52.73918,-14.22531,197.68245,172.56125
2026-05-16 05:48:30.186046+00:00,571,-11.373656,52.248425,47.254,-14.225324,201.88185,172.94377
2026-05-16 05:48:30.233046+00:00,618,-11.400348,45.085014,48.5145,-14.261214,201.36256,168.13939
2026-05-16 05:48:30.255046+00:00,640,-10.114519,49.800644,49.57443,-14.729902,197.2378,172.43114
2026-05-16 05:48:30.345046+00:00,730,-12.567406,52.229336,40.202457,-14.244412,202.68555,169.62157
2026-05-16 05:48:30.384046+00:00,769,-11.878382,55.910423,38.92087,-14.91036,195.08856,172.8261
2026-05-16 05:48:30.409046+00:00,794,-11.552525,37.212795,48.640438,-14.561788,201.94884,169.81146
2026-05-16 05:48:30.439046+00:00,824,-12.337388,43.82129,49.212234,-14.68309,198.13062,176.51166
2026-05-16 05:48:30.558046+00:00,943,-12.30325,56.755108,50.87516,-15.11583,196.34485,171.82349
2026-05-16 05:48:30.600046+00:00,985,-11.918014,47.40298,50.085117,-14.575704,192.33954,170.95625
2026-05-16 05:48:30.626046+00:00,1011,-10.842162,50.8243,48.884346,-14.209199,196.18944,170.7581
2026-05-16 05:48:30.643046+00:00,1028,-11.566849,47.51636,49.865227,-14.259952,193.61298,165.01056
2026-05-16 05:48:30.688046+00:00,1073,-11.014331,51.988827,44.212105,-14.102992,195.44452,169.0938
2026-05-16 05:48:30.714046+00:00,1099,-12.207619,46.972992,48.10902,-14.203618,202.05151,171.1476
2026-05-16 05:48:30.736046+00:00,1121,-12.312887,52.872017,44.354763,-14.395474,195.14687,173.86183
2026-05-16 05:48:30.761046+00:00,1146,-11.818224,58.46997,53.45895,-14.824152,192.26482,168.75252
2026-05-16 05:48:30.780046+00:00,1165,-11.332881,56.347824,52.10877,-13.872173,199.04837,173.09167
2026-05-16 05:48:30.827046+00:00,1212,-10.44169,56.86276,45.565224,-15.348373,196.8911,173.30914
2026-05-16 05:48:30.847046+00:00,1232,-12.108786,47.90193,45.11729,-14.321838,195.6397,169.35443
2026-05-16 05:48:30.899046+00:00,1284,-10.91394,46.42848,48.833305,-14.730661,197.1216,175.13583
2026-05-16 05:48:30.918046+00:00,1303,-12.133051,51.892418,52.70149,-14.130772,198.7748,170.75067
2026-05-16 05:48:30.938046+00:00,1323,-11.314655,48.71567,46.361298,-14.240059,198.66214,171.70671
2026-05-16 05:48:30.964046+00:00,1349,-11.815237,44.483765,44.75286,-14.30204,198.79744,170.26146
2026-05-16 05:48:31.076046+00:00,1461,-10.228645,55.01541,49.60468,-14.536234,200.42181,173.75821
2026-05-16 05:48:31.103046+00:00,1488,-10.358157,52.655056,60.029312,-14.318416,204.10107,172.46458
2026-05-16 05:48:31.136046+00:00,1521,-12.410317,52.70596,42.235897,-14.701871,200.0181,166.75873
2026-05-16 05:48:31.163046+00:00,1548,-10.902021,50.839367,45.456757,-14.744958,195.52031,168.45602
2026-05-16 05:48:31.240046+00:00,1625,-10.669492,47.16484,52.706326,-14.1374655,189.46175,173.5267
2026-05-16 05:48:31.265046+00:00,1650,-10.625771,41.9045,46.575127,-14.392204,193.60551,168.0807
2026-05-16 05:48:31.315046+00:00,1700,-8.856011,56.151306,44.883305,-14.012982,198.55061,172.90334
2026-05-16 05:48:31.342046+00:00,1727,-12.159707,55.454826,42.949055,-13.643235,198.05772,168.14919
2026-05-16 05:48:31.442046+00:00,1827,-12.89604,47.765064,48.204487,-14.271381,194.6152,167.63403
2026-05-16 05:48:31.467046+00:00,1852,-9.414276,48.91117,40.02689,-14.53174,201.00298,167.58777
2026-05-16 05:48:31.554046+00:00,1939,-10.464935,48.0488,50.801376,-14.474571,200.5605,169.5688
2026-05-16 05:48:31.574046+00:00,1959,-11.915711,51.144115,49.777664,-13.852458,195.79922,172.7359
2026-05-16 05:48:31.600046+00:00,1985,-12.762692,47.790596,46.171345,-14.102296,189.42719,167.91304
2026-05-16 05:48:31.625046+00:00,2010,-11.328003,51.47654,47.066784,-14.328515,198.27884,170.39378
2026-05-16 05:48:31.675046+00:00,2060,-12.119138,55.214046,42.064148,-14.2754345,196.74303,173.79408
2026-05-16 05:48:31.699046+00:00,2084,-9.1037245,53.818832,47.243965,-14.404267,192.60307,167.09244
2026-05-16 05:48:31.766046+00:00,2151,-11.8286705,47.9979,46.310722,-14.332829,198.25026,168.61813
2026-05-16 05:48:31.805046+00:00,2190,-9.376021,46.062756,43.479492,-13.7601,195.49072,167.37448
2026-05-16 05:48:31.832046+00:00,2217,-10.342644,54.20587,53.33483,-14.863949,200.18748,173.95686
2026-05-16 05:48:31.856046+00:00,2241,-12.687581,50.327057,56.889458,-13.74483,192.6773,169.16441
2026-05-16 05:48:31.878046+00:00,2263,-9.490056,51.142036,47.80691,-14.128423,194.27733,171.94093
2026-05-16 05:48:31.900046+00:00,2285,-11.538082,42.602795,46.22159,-13.859114,197.89546,167.92133
2026-05-16 05:48:31.923046+00:00,2308,-13.614734,56.398136,46.64318,-14.611853,200.93224,170.20288
2026-05-16 05:48:31.977046+00:00,2362,-10.335235,47.508892,47.259502,-14.63633,196.99654,169.17773
2026-05-16 05:48:32.036046+00:00,2421,-12.621958,44.3971,50.07607,-14.471609,201.2226,171.6627
2026-05-16 05:48:32.055046+00:00,2440,-11.123797,46.2232,43.792805,-14.263291,195.79222,172.29851
2026-05-16 05:48:32.075046+00:00,2460,-10.931716,53.010212,46.368553,-14.167948,194.03099,167.58905
2026-05-16 05:48:32.105046+00:00,2490,-13.046395,47.46702,52.2175,-13.849109,200.47003,175.19919
2026-05-16 05:48:32.157046+00:00,2542,-10.093075,49.683167,46.269604,-13.794551,199.65936,170.69455
2026-05-16 05:48:32.176046+00:00,2561,-11.298256,51.82873,45.404526,-14.372972,198.63193,175.81026
2026-05-16 05:48:32.257046+00:00,2642,-12.7036295,43.87446,49.372063,-14.337716,193.40704,167.94902
2026-05-16 05:48:32.276046+00:00,2661,-12.250597,55.52947,51.111595,-14.327771,194.7868,172.2045
2026-05-16 05:48:32.325046+00:00,2710,-12.0504265,59.93302,44.373592,-14.566544,197.61156,172.99228
2026-05-16 05:48:32.348046+00:00,2733,-10.5134,44.89351,52.570713,-14.067771,192.53824,166.97488
2026-05-16 05:48:32.379046+00:00,2764,-12.217009,54.07737,45.61297,-14.403145,199.15453,175.60146
2026-05-16 05:48:32.406046+00:00,2791,-11.202906,48.435913,43.058598,-14.147172,201.22061,167.07823
2026-05-16 05:48:32.506046+00:00,2891,-13.440314,47.407993,54.43605,-14.482153,198.1815,169.33432
2026-05-16 05:48:32.528046+00:00,2913,-11.575644,49.339245,51.15595,-14.541645,196.07674,165.46364
2026-05-16 05:48:32.555046+00:00,2940,-10.46917,53.443577,41.154118,-15.031589,201.8364,174.92891
2026-05-16 05:48:32.578046+00:00,2963,-12.191843,45.622772,49.105095,-15.859053,197.97438,173.57866
2026-05-16 05:48:32.604046+00:00,2989,-13.1940975,51.827557,51.30595,-16.387993,200.55809,172.6541
2026-05-16 05:48:32.646046+00:00,3031,-14.372576,46.741116,46.786324,-16.635311,196.0902,173.56111
2026-05-16 05:48:32.666046+00:00,3051,-16.449118,52.977512,43.02352,-17.454659,201.01535,170.5131
2026-05-16 05:48:32.712046+00:00,3097,-14.666829,46.964104,50.627167,-18.542109,201.05458,169.75717
2026-05-16 05:48:32.735046+00:00,3120,-16.578497,52.913464,53.893623,-19.082836,195.06927,172.2091
2026-05-16 05:48:32.765046+00:00,3150,-15.178794,46.972687,46.620193,-19.40572,200.4595,172.3366
2026-05-16 05:48:32.785046+00:00,3170,-15.070121,52.6671,47.03356,-20.674854,198.77153,175.57425
2026-05-16 05:48:32.806046+00:00,3191,-16.015604,46.587402,41.764988,-21.637377,196.17905,171.16673
2026-05-16 05:48:32.837046+00:00,3222,-17.904268,46.917168,45.59442,-22.06938,193.98662,172.29779
2026-05-16 05:48:32.856046+00:00,3241,-19.327688,55.845078,42.42404,-22.857346,194.85562,170.97192
2026-05-16 05:48:32.879046+00:00,3264,-20.06693,46.119415,39.193962,-24.053694,196.2018,166.76941
2026-05-16 05:48:32.924046+00:00,3309,-19.792355,53.03259,47.4515,-24.766691,200.83609,170.77986
2026-05-16 05:48:32.948046+00:00,3333,-21.859276,55.074574,49.009125,-24.176493,198.74416,169.21962
2026-05-16 05:48:32.975046+00:00,3360,-19.503956,54.3577,45.257168,-24.933504,198.84984,172.56322
2026-05-16 05:48:33.005046+00:00,3390,-20.349976,35.84817,41.04257,-24.621077,198.44417,172.7853
2026-05-16 05:48:33.047046+00:00,3432,-19.10681,36.848602,42.935528,-24.68487,197.35185,171.66214
2026-05-16 05:48:33.120046+00:00,3505,-18.362585,54.42008,43.321167,-24.526089,196.29962,167.0003
2026-05-16 05:48:33.149046+00:00,3534,-19.220406,50.067432,52.33136,-23.888908,198.39107,168.302
2026-05-16 05:48:33.166046+00:00,3551,-20.773947,55.700542,50.63809,-23.114647,200.32365,169.11617
2026-05-16 05:48:33.194046+00:00,3579,-19.972622,44.974857,48.03083,-22.763899,198.49496,171.4101
2026-05-16 05:48:33.246046+00:00,3631,-17.136984,44.182926,44.179607,-21.660282,197.00912,169.55298
2026-05-16 05:48:33.284046+00:00,3669,-16.206236,54.08621,50.731976,-20.936525,195.58475,170.0004
2026-05-16 05:48:33.305046+00:00,3690,-19.341204,51.326374,45.82085,-20.909294,199.97699,174.24464
2026-05-16 05:48:33.368046+00:00,3753,-16.792088,58.543507,46.187477,-18.578445,201.20218,173.13144
2026-05-16 05:48:33.390046+00:00,3775,-14.011956,49.850166,39.433872,-17.460419,197.90857,163.60834
2026-05-16 05:48:33.438046+00:00,3823,-15.2939,44.75475,40.56793,-16.71182,201.14354,174.28668
2026-05-16 05:48:33.459046+00:00,3844,-11.948689,54.362442,47.283863,-14.801891,200.22282,167.93684
2026-05-16 05:48:33.519046+00:00,3904,-11.763512,48.341866,48.356052,-13.4357195,199.94777,170.34647
2026-05-16 05:48:33.730046+00:00,4115,-9.086521,56.023773,52.189266,-12.450434,200.39336,171.10416
2026-05-16 05:48:33.857046+00:00,4242,-10.540561,56.81882,46.331924,-11.646492,197.96603,170.59547
2026-05-16 05:48:33.908046+00:00,4293,-7.8404603,41.18005,47.211384,-9.788463,197.51218,171.9482
2026-05-16 05:48:33.971046+00:00,4356,-6.1290836,51.277405,39.54771,-8.693319,202.25705,173.30402
2026-05-16 05:48:34.036046+00:00,4421,-5.52442,48.539867,44.524807,-6.9898825,201.22342,165.0398
2026-05-16 05:48:34.098046+00:00,4483,-4.107238,54.960896,43.86107,-6.105089,204.33656,174.47495
2026-05-16 05:48:34.131046+00:00,4516,-0.7837249,47.071568,48.135326,-6.3179364,201.18434,169.57806
2026-05-16 05:48:34.178046+00:00,4563,-0.44080672,53.91733,51.158867,-4.770525,197.34793,169.3106
2026-05-16 05:48:34.245046+00:00,4630,-1.6238588,48.56475,47.840275,-3.8272398,200.51627,172.54468
2026-05-16 05:48:34.452046+00:00,4837,-1.4952067,54.503723,46.739685,-2.3212411,199.21815,167.52174
2026-05-16 05:48:34.508046+00:00,4893,-1.5752695,53.877987,42.212723,-2.051034,193.00789,170.02261
2026-05-16 05:48:34.727046+00:00,5112,-0.61584777,50.370716,44.729683,-1.9574502,198.50443,174.79466
2026-05-16 05:48:34.817046+00:00,5202,-3.2084696,46.678658,49.187225,-6.16219,194.33311,170.18855
2026-05-16 05:48:35.030046+00:00,5415,-11.134258,54.73837,47.285725,-13.923378,199.52907,172.56142
2026-05-16 05:48:35.056046+00:00,5441,-13.759684,54.623177,38.931416,-17.023685,196.50647,172.61595
2026-05-16 05:48:35.144046+00:00,5529,-19.29253,44.16552,48.213284,-22.93543,190.42184,172.88902
2026-05-16 05:48:35.187046+00:00,5572,-20.288244,46.746525,49.27527,-25.5563,201.94,178.49562
2026-05-16 05:48:35.217046+00:00,5602,-23.274912,50.77639,42.078968,-27.463049,190.77895,168.63281
2026-05-16 05:48:35.301046+00:00,5686,-25.42867,46.9025,50.227478,-29.842592,197.84657,172.21628
2026-05-16 05:48:35.386046+00:00,5771,-34.5443,47.36102,49.501656,-37.839603,193.33008,169.63783
2026-05-16 05:48:35.415046+00:00,5800,-34.442295,45.94432,50.94238,-39.048897,200.70374,174.65346
2026-05-16 05:48:35.437046+00:00,5822,-33.777252,49.585476,49.19125,-41.023434,191.81798,169.71025
2026-05-16 05:48:35.460046+00:00,5845,-38.34966,52.80794,51.095383,-42.71023,197.25058,174.75903
2026-05-16 05:48:35.577046+00:00,5962,-41.19615,51.965298,46.87356,-46.166874,195.45103,172.73933
2026-05-16 05:48:35.600046+00:00,5985,-42.120476,50.10186,49.97895,-48.124016,201.49774,175.95169
2026-05-16 05:48:35.685046+00:00,6070,-45.452595,53.62541,47.331715,-51.619614,199.53918,171.78116
2026-05-16 05:48:35.706046+00:00,6091,-46.17582,50.645443,44.42222,-51.586903,198.37692,173.98427
2026-05-16 05:48:35.807046+00:00,6192,-48.353157,53.0903,53.10713,-53.24331,202.49301,174.74947
2026-05-16 05:48:35.846046+00:00,6231,-47.43106,49.218235,48.422207,-52.90518,195.06306,170.84166
2026-05-16 05:48:35.912046+00:00,6297,-47.37273,45.58891,45.285007,-51.549866,195.08609,167.18755
2026-05-16 05:48:35.930046+00:00,6315,-45.20531,56.595127,45.473198,-52.155613,202.2224,174.7564
2026-05-16 05:48:35.991046+00:00,6376,-45.284737,55.432842,46.49018,-51.28673,201.61028,170.86485
2026-05-16 05:48:36.035046+00:00,6420,-43.96898,48.144848,44.843075,-50.05275,200.20583,170.20973
2026-05-16 05:48:36.178046+00:00,6563,-38.187454,50.796665,47.88512,-46.21881,197.53506,166.86484
2026-05-16 05:48:36.233046+00:00,6618,-37.023613,45.374928,47.80852,-44.542732,204.25266,165.55968
2026-05-16 05:48:36.287046+00:00,6672,-33.625935,50.568928,42.108505,-38.111694,198.00154,171.67586
2026-05-16 05:48:36.475046+00:00,6860,-17.743746,50.28784,42.99191,-22.569448,206.3736,174.12639
2026-05-16 05:48:36.504046+00:00,6889,-15.41708,47.128773,41.992374,-19.76198,196.40189,164.38922
2026-05-16 05:48:36.523046+00:00,6908,-14.421074,46.873398,49.86022,-17.185337,198.63072,169.73708
2026-05-16 05:48:36.546046+00:00,6931,-12.548558,56.07863,50.515137,-15.552811,202.76321,178.36751
2026-05-16 05:48:36.839046+00:00,7224,-9.463932,54.030113,49.525085,-14.253379,193.58345,171.97441
2026-05-16 05:48:36.860046+00:00,7245,-9.113497,55.010094,51.05663,-11.982166,197.70729,168.85034
2026-05-16 05:48:36.883046+00:00,7268,-8.570052,54.44184,52.704777,-9.668608,196.51814,173.09686
2026-05-16 05:48:36.939046+00:00,7324,-0.1748565,54.460346,47.55084,-4.009896,196.61757,168.50215
2026-05-16 05:48:36.967046+00:00,7352,3.738808,51.503643,52.673878,-0.015540924,198.00148,171.29962
2026-05-16 05:48:37.130046+00:00,7515,5.9768224,41.1594,46.474396,3.4183877,198.86397,170.77779
2026-05-16 05:48:37.159046+00:00,7544,7.598013,47.252586,50.90881,8.358666,197.2334,173.9562
2026-05-16 05:48:37.233046+00:00,7618,14.160452,56.912445,46.832436,12.531557,198.48663,172.90588
2026-05-16 05:48:37.279046+00:00,7664,16.101425,52.07844,47.049294,16.712172,195.36263,172.28517
2026-05-16 05:48:37.418046+00:00,7803,20.983572,46.76301,49.1974,20.838678,201.86755,170.3661
2026-05-16 05:48:37.438046+00:00,7823,24.549845,47.642635,47.25351,25.065083,200.46667,165.81912
2026-05-16 05:48:37.486046+00:00,7871,30.084967,47.23581,52.16323,31.806852,204.27245,168.66676
2026-05-16 05:48:37.607046+00:00,7992,33.004383,57.770386,47.060753,34.665913,198.9471,173.35478
2026-05-16 05:48:37.959046+00:00,8344,35.786434,48.590256,51.987453,38.73985,191.89415,168.45375
2026-05-16 05:48:37.986046+00:00,8371,39.31521,53.799652,56.532955,41.978302,200.72552,174.32875
2026-05-16 05:48:38.037046+00:00,8422,47.012703,48.333263,45.958256,49.255604,198.81758,167.71455
2026-05-16 05:48:38.059046+00:00,8444,48.65672,46.34431,45.14569,52.78105,197.28775,169.7503
2026-05-16 05:48:38.119046+00:00,8504,51.177914,43.972954,41.814377,55.34828,189.31404,168.83127
2026-05-16 05:48:38.179046+00:00,8564,55.30125,55.821163,45.559155,57.841473,199.92065,167.93285
2026-05-16 05:48:38.201046+00:00,8586,57.056297,51.843166,42.10585,60.145115,198.15367,168.45332
2026-05-16 05:48:38.232046+00:00,8617,57.95686,54.865555,46.53873,62.23788,196.62743,170.72777
2026-05-16 05:48:38.317046+00:00,8702,61.511513,49.454193,51.52525,66.972496,194.80415,169.15231
2026-05-16 05:48:38.380046+00:00,8765,64.7424,48.205498,52.0416,69.209305,194.15909,168.00401
2026-05-16 05:48:38.508046+00:00,8893,68.438545,44.726467,53.78749,72.49267,198.23383,169.24579
2026-05-16 05:48:38.531046+00:00,8916,67.086044,46.67524,46.82216,73.83433,194.08617,173.88608
2026-05-16 05:48:38.558046+00:00,8943,70.20653,44.203236,52.86557,74.073616,196.43536,172.72095
2026-05-16 05:48:38.597046+00:00,8982,69.45456,49.693768,44.333466,74.9233,200.26817,171.24178
2026-05-16 05:48:38.635046+00:00,9020,69.768196,47.27127,46.838963,75.182655,195.64618,177.2661
2026-05-16 05:48:38.668046+00:00,9053,69.06652,48.91626,47.678913,75.95641,204.29208,166.7649
2026-05-16 05:48:38.687046+00:00,9072,70.88567,35.180748,47.19804,75.82366,201.33424,171.54417
2026-05-16 05:48:38.727046+00:00,9112,73.55321,48.256454,42.987663,75.88746,199.42033,170.29628
2026-05-16 05:48:38.757046+00:00,9142,70.67345,57.618958,48.23216,76.85012,200.47171,165.8985
2026-05-16 05:48:38.776046+00:00,9161,71.502426,51.429825,46.23061,76.772316,193.64552,172.05292
2026-05-16 05:48:38.796046+00:00,9181,70.13029,43.79742,53.31339,76.90159,196.12375,167.96469
2026-05-16 05:48:38.834046+00:00,9219,69.706894,37.33057,44.62537,76.8304,192.40305,171.53438
2026-05-16 05:48:38.855046+00:00,9240,72.0742,35.49805,51.57031,77.1664,196.54272,171.76862
2026-05-16 05:48:38.876046+00:00,9261,69.06201,47.388218,38.546776,77.4757,197.25754,172.94162
2026-05-16 05:48:38.914046+00:00,9299,73.356575,49.12452,50.226295,76.50976,197.21939,166.3701
2026-05-16 05:48:38.934046+00:00,9319,71.09838,43.373566,46.705986,77.053734,199.13623,170.94528
2026-05-16 05:48:38.975046+00:00,9360,73.410545,57.147842,48.39907,76.833405,198.37546,178.76044
2026-05-16 05:48:38.997046+00:00,9382,72.72603,60.47106,51.110302,76.85722,196.06146,171.09308
2026-05-16 05:48:39.064046+00:00,9449,72.13324,56.079018,42.29215,76.533615,197.42786,176.27998
2026-05-16 05:48:39.098046+00:00,9483,71.31411,51.898098,55.284275,76.94064,201.03387,174.74184
2026-05-16 05:48:39.126046+00:00,9511,70.67057,52.197563,47.829758,77.12169,199.41231,171.23625
2026-05-16 05:48:39.173046+00:00,9558,70.153046,54.593765,44.65101,76.1328,200.32332,169.42992
2026-05-16 05:48:39.195046+00:00,9580,68.62683,44.253513,49.961018,76.283516,200.21718,170.59885
2026-05-16 05:48:39.216046+00:00,9601,71.99573,43.046383,50.22337,75.694,195.6626,166.86778
2026-05-16 05:48:39.238046+00:00,9623,71.227066,49.699326,47.515404,75.97072,196.01643,176.88063
2026-05-16 05:48:39.281046+00:00,9666,71.12278,51.82781,42.78511,75.273346,199.53917,168.54666
2026-05-16 05:48:39.308046+00:00,9693,69.846695,58.115005,55.09283,75.680275,199.38953,171.79694
2026-05-16 05:48:39.345046+00:00,9730,70.52036,54.90685,49.97196,75.91175,203.30653,176.1772
2026-05-16 05:48:39.368046+00:00,9753,71.42527,49.442486,43.691475,74.76906,194.11423,169.49106
2026-05-16 05:48:39.408046+00:00,9793,72.02875,51.799232,44.940777,75.624565,198.52156,169.2187
2026-05-16 05:48:39.435046+00:00,9820,69.97278,51.102375,51.500298,75.73499,199.45369,172.20528
2026-05-16 05:48:39.459046+00:00,9844,69.33408,46.553722,44.86356,75.863525,197.12428,172.9303
2026-05-16 05:48:39.476046+00:00,9861,69.969696,59.210217,50.513943,75.97669,200.75998,176.72636
2026-05-16 05:48:39.525046+00:00,9910,71.162056,37.30224,43.715775,75.96394,192.36295,172.3854
2026-05-16 05:48:39.544046+00:00,9929,69.59512,47.561077,46.473225,76.15741,196.5612,171.87457
2026-05-16 05:48:39.627046+00:00,10012,71.32281,41.508244,46.65256,76.46656,194.37521,173.2826
2026-05-16 05:48:39.647046+00:00,10032,71.35697,42.45716,51.6641,76.8131,196.48671,172.66743
2026-05-16 05:48:39.665046+00:00,10050,73.15872,54.217743,46.18599,76.77056,196.56238,173.43135
2026-05-16 05:48:39.717046+00:00,10102,72.05327,53.25551,42.563416,77.24444,199.95142,171.92058
2026-05-16 05:48:39.755046+00:00,10140,71.468124,52.972363,54.64646,76.972786,201.48836,177.09012
2026-05-16 05:48:39.777046+00:00,10162,72.08872,55.530006,50.365807,77.27898,194.27252,175.72119
2026-05-16 05:48:39.802046+00:00,10187,72.67004,45.534298,48.03979,77.62856,195.49786,171.99727
2026-05-16 05:48:39.828046+00:00,10213,73.89041,49.363674,42.05524,78.09288,197.63661,176.97113
2026-05-16 05:48:39.849046+00:00,10234,73.83188,54.40652,46.812317,78.30941,197.3609,171.62805
2026-05-16 05:48:40.121046+00:00,10506,73.82398,46.825924,47.67976,78.02412,197.51228,173.2225
2026-05-16 05:48:40.141046+00:00,10526,70.80684,46.20289,41.13345,76.609245,197.77582,166.85014
2026-05-16 05:48:40.165046+00:00,10550,69.406746,50.435062,52.007816,75.070656,198.00116,170.5565
2026-05-16 05:48:40.188046+00:00,10573,67.23471,62.472286,48.46889,73.718575,199.78029,171.20369
2026-05-16 05:48:40.225046+00:00,10610,68.06113,57.21649,47.04827,71.15463,198.92746,169.7869
2026-05-16 05:48:40.256046+00:00,10641,63.9628,54.560623,43.697834,69.25087,202.25134,168.78967
2026-05-16 05:48:40.276046+00:00,10661,63.099987,47.641518,57.236164,66.48446,199.18573,176.14536
2026-05-16 05:48:40.302046+00:00,10687,60.03713,53.832832,51.317467,64.3769,194.37234,168.67053
2026-05-16 05:48:40.326046+00:00,10711,59.510437,48.351185,45.293816,62.77632,202.30583,174.19731
2026-05-16 05:48:40.360046+00:00,10745,57.977707,52.941383,39.13333,60.38044,198.17496,167.8104
2026-05-16 05:48:40.379046+00:00,10764,54.559097,42.678116,41.767986,59.079422,200.96893,168.22818
2026-05-16 05:48:40.414046+00:00,10799,53.27875,47.70289,47.749348,57.153744,199.44768,166.13792
2026-05-16 05:48:40.450046+00:00,10835,51.251755,49.347225,51.100273,55.276203,197.213,172.22356
2026-05-16 05:48:40.480046+00:00,10865,50.702885,55.464245,47.091026,53.433113,195.39404,171.75175
2026-05-16 05:48:40.501046+00:00,10886,49.717213,58.434956,48.12183,51.479843,192.74005,174.20654
2026-05-16 05:48:40.555046+00:00,10940,44.869633,50.106262,47.167492,48.561245,195.48491,174.60892
2026-05-16 05:48:40.576046+00:00,10961,42.950832,56.029728,50.34969,47.278656,196.23105,168.21931
2026-05-16 05:48:40.598046+00:00,10983,41.857605,46.975956,42.28578,45.450153,199.80211,169.28772
2026-05-16 05:48:40.617046+00:00,11002,41.08644,50.06412,41.150803,44.46268,203.58154,167.2943
2026-05-16 05:48:40.726046+00:00,11111,34.838097,52.031105,46.3497,39.136707,203.11406,169.48404
2026-05-16 05:48:40.748046+00:00,11133,35.080692,59.0424,46.208714,37.877388,195.4599,172.15775
2026-05-16 05:48:40.784046+00:00,11169,35.151455,48.36181,42.704502,36.90257,199.006,172.45853
2026-05-16 05:48:40.802046+00:00,11187,34.84263,53.633835,53.44705,36.259502,194.74777,169.29224
2026-05-16 05:48:40.846046+00:00,11231,30.906433,37.543316,52.19322,33.547157,199.58223,170.28664
2026-05-16 05:48:40.866046+00:00,11251,31.61616,51.600822,40.113724,32.338303,194.06566,166.18144
2026-05-16 05:48:40.895046+00:00,11280,30.514116,50.519474,46.244877,30.884142,199.66533,170.8573
2026-05-16 05:48:40.915046+00:00,11300,28.132673,44.18883,43.870453,30.448498,197.22427,174.31065
2026-05-16 05:48:40.985046+00:00,11370,26.354519,49.626534,44.9778,26.82903,194.71187,172.3022
2026-05-16 05:48:41.009046+00:00,11394,26.22626,51.974964,39.26147,25.881197,201.82469,169.4107
2026-05-16 05:48:41.085046+00:00,11470,22.500177,47.22721,48.175938,22.53223,194.18214,172.78778
2026-05-16 05:48:41.113046+00:00,11498,20.169083,47.495865,49.488968,21.485313,199.11754,165.9593
2026-05-16 05:48:41.136046+00:00,11521,20.55281,53.159866,39.772655,20.63292,197.9575,172.04497
2026-05-16 05:48:41.188046+00:00,11573,18.050507,45.313316,47.690254,18.610273,198.29126,170.54677
2026-05-16 05:48:41.660046+00:00,12045,16.433218,45.81905,48.468082,15.189516,195.33678,170.67865
2026-05-16 05:48:41.903046+00:00,12288,14.849051,57.467487,46.810337,14.330117,204.7718,168.18484
2026-05-16 05:48:41.939046+00:00,12324,15.003025,44.634144,45.045666,12.576453,202.74834,172.51683
2026-05-16 05:48:41.965046+00:00,12350,12.395303,47.312317,49.38225,10.817751,196.53116,165.52661
2026-05-16 05:48:41.995046+00:00,12380,11.948733,40.909046,53.48268,9.26814,200.77686,166.95729
2026-05-16 05:48:42.021046+00:00,12406,8.5978,51.303715,43.309948,7.920916,200.08649,169.88358
2026-05-16 05:48:42.047046+00:00,12432,6.7595305,57.684547,38.44338,7.0147743,195.80296,172.66393
2026-05-16 05:48:42.077046+00:00,12462,7.649391,49.18074,48.78754,6.2758718,196.48586,172.73946
2026-05-16 05:48:42.096046+00:00,12481,6.3006153,51.826336,50.475086,5.5389824,203.55202,175.49377
2026-05-16 05:48:42.115046+00:00,12500,7.2785463,40.475803,49.265636,5.3335238,187.08255,166.94633
2026-05-16 05:48:42.157046+00:00,12542,6.2633386,48.004993,44.56427,4.6757226,198.51422,176.36115
2026-05-16 05:48:42.210046+00:00,12595,6.8372836,51.853737,50.14251,4.99643,198.20149,169.95775
2026-05-16 05:48:42.235046+00:00,12620,5.613625,45.12712,42.354042,4.2798014,199.51942,171.34315
2026-05-16 05:48:42.258046+00:00,12643,5.752957,47.286957,54.784973,3.9438255,200.6336,170.19862
2026-05-16 05:48:42.277046+00:00,12662,4.2823977,49.6471,49.521038,3.073044,203.58849,175.03093
2026-05-16 05:48:42.297046+00:00,12682,3.9331148,57.978153,47.98296,3.5923111,194.52232,168.54115
2026-05-16 05:48:42.340046+00:00,12725,5.5256367,61.357285,48.345528,3.2341638,201.9897,172.36768
2026-05-16 05:48:42.366046+00:00,12751,4.5463905,53.901016,48.960503,3.3946064,195.6052,170.60309
2026-05-16 05:48:42.484046+00:00,12869,4.3512034,54.0615,45.0416,2.1841967,195.13356,172.46983
2026-05-16 05:48:42.503046+00:00,12888,3.8119633,47.410038,53.970387,2.209413,202.97801,175.49197
2026-05-16 05:48:42.524046+00:00,12909,1.9596255,38.861015,41.59956,2.2740295,195.48662,169.79562
2026-05-16 05:48:42.545046+00:00,12930,0.7692883,48.68482,49.85335,0.91994244,195.58678,172.73727
2026-05-16 05:48:42.648046+00:00,13033,1.3182766,59.28692,42.101295,-1.2189358,196.23712,166.66609
2026-05-16 05:48:42.675046+00:00,13060,0.33335027,52.28128,45.13028,-1.359591,200.08775,171.61504
2026-05-16 05:48:42.774046+00:00,13159,0.10731334,47.856155,37.425587,-1.3803046,196.07971,171.84315
2026-05-16 05:48:42.814046+00:00,13199,-0.059971802,45.93468,44.91819,-2.126452,199.48393,170.6067
2026-05-16 05:48:42.836046+00:00,13221,-0.70057595,50.547142,50.168877,-2.9207919,198.98845,167.91064
2026-05-16 05:48:42.859046+00:00,13244,-2.105316,48.2146,44.73913,-4.024043,196.23598,170.1631
2026-05-16 05:48:42.878046+00:00,13263,-3.01339,52.066574,46.74046,-5.2485356,204.5016,173.99225
2026-05-16 05:48:42.904046+00:00,13289,-4.811834,40.132233,50.25028,-6.2735076,200.36197,172.82355
2026-05-16 05:48:43.019046+00:00,13404,-6.309261,52.659134,49.880054,-8.7717905,193.5529,169.23138
2026-05-16 05:48:43.037046+00:00,13422,-7.917931,55.744434,41.996098,-8.401703,195.06084,173.15855
2026-05-16 05:48:43.060046+00:00,13445,-6.1475663,55.759563,43.675354,-7.951305,201.74283,171.524
2026-05-16 05:48:43.079046+00:00,13464,-6.061771,48.566666,44.879387,-7.7359786,195.71704,169.56413
2026-05-16 05:48:43.136046+00:00,13521,-6.3347464,52.52137,43.7348,-8.280532,193.70613,170.01959
2026-05-16 05:48:43.165046+00:00,13550,-5.7022076,45.305565,44.244907,-7.2269893,196.313,169.8394
2026-05-16 05:48:43.198046+00:00,13583,-3.7374902,57.160656,51.865635,-6.393502,195.3598,171.75096
2026-05-16 05:48:43.228046+00:00,13613,-4.119602,53.69829,43.7864,-6.136544,192.09344,172.3957
2026-05-16 05:48:43.264046+00:00,13649,-4.543268,45.205574,54.703773,-5.6568294,196.98383,169.22824
2026-05-16 05:48:43.288046+00:00,13673,-3.8666186,56.276283,52.31169,-6.8967876,197.3274,168.24094
2026-05-16 05:48:43.375046+00:00,13760,-7.8577247,42.541897,52.956882,-8.353491,194.36768,171.00592
2026-05-16 05:48:43.392046+00:00,13777,-6.2974844,54.572327,48.52096,-9.973632,196.22559,170.56488
2026-05-16 05:48:43.416046+00:00,13801,-5.6003895,55.596607,46.190113,-10.029399,201.84077,170.05235
2026-05-16 05:48:43.436046+00:00,13821,-8.382332,45.83515,43.5713,-10.040317,195.42403,169.83165
2026-05-16 05:48:43.482046+00:00,13867,-9.108664,48.54158,39.675957,-11.351142,194.41286,174.48708
2026-05-16 05:48:43.506046+00:00,13891,-7.7178183,47.144394,45.73825,-11.523207,200.8816,168.16411
2026-05-16 05:48:43.556046+00:00,13941,-9.208339,54.699768,52.928062,-12.30742,201.1039,168.72781
2026-05-16 05:48:43.579046+00:00,13964,-8.468531,51.52553,50.122437,-12.602877,206.0101,170.05019
2026-05-16 05:48:43.601046+00:00,13986,-9.375353,49.510998,47.168915,-12.711651,204.30602,176.26173
2026-05-16 05:48:43.626046+00:00,14011,-10.462208,46.85361,48.589134,-12.725978,199.6245,169.8679
2026-05-16 05:48:43.683046+00:00,14068,-10.902718,44.369892,41.822334,-13.4952135,194.39867,172.24556
2026-05-16 05:48:43.706046+00:00,14091,-11.26246,47.90247,49.608635,-13.068205,197.1913,166.94867
2026-05-16 05:48:43.728046+00:00,14113,-9.590815,48.03228,47.049755,-13.446866,199.9298,170.90732
2026-05-16 05:48:43.755046+00:00,14140,-10.993719,47.60644,44.96582,-13.461607,196.00452,169.85019
2026-05-16 05:48:43.795046+00:00,14180,-13.139023,55.40069,51.34419,-13.535341,200.61533,168.00948
2026-05-16 05:48:43.818046+00:00,14203,-9.6196,48.369953,47.85252,-13.686256,193.69542,170.42387
2026-05-16 05:48:43.839046+00:00,14224,-11.60032,51.024597,53.70531,-13.70389,195.08105,172.66339
2026-05-16 05:48:43.866046+00:00,14251,-11.749081,50.869484,45.63936,-13.486361,196.19841,165.81236
2026-05-16 05:48:43.988046+00:00,14373,-10.142103,55.310596,46.228104,-13.714813,202.82777,170.69728
2026-05-16 05:48:44.016046+00:00,14401,-10.566056,50.09383,47.11583,-13.899819,196.31958,165.23601
2026-05-16 05:48:44.059046+00:00,14444,-12.04167,48.604645,47.491356,-14.715752,197.4226,173.39117
2026-05-16 05:48:44.087046+00:00,14472,-12.978589,49.602924,50.136414,-15.628031,200.47636,174.39545
2026-05-16 05:48:44.129046+00:00,14514,-11.96621,47.25705,52.88978,-16.263496,197.56383,167.19695
2026-05-16 05:48:44.230046+00:00,14615,-15.517533,51.362667,43.81653,-17.297806,195.74695,170.64127
2026-05-16 05:48:44.387046+00:00,14772,-17.0906,39.91399,45.3643,-18.829336,201.15465,171.89221
2026-05-16 05:48:44.409046+00:00,14794,-17.118881,48.94436,53.834988,-21.452755,195.72476,169.68771
2026-05-16 05:48:44.429046+00:00,14814,-21.526686,48.661964,48.990948,-24.862295,194.90651,171.93228
2026-05-16 05:48:44.578046+00:00,14963,-32.38446,44.188396,50.621403,-38.410965,196.37376,173.87726
2026-05-16 05:48:44.605046+00:00,14990,-33.613728,52.740086,49.114838,-40.399414,192.74355,174.50803
2026-05-16 05:48:44.624046+00:00,15009,-34.87554,46.209267,44.207947,-42.271214,195.79214,173.619
2026-05-16 05:48:44.644046+00:00,15029,-39.079536,50.51121,49.60969,-43.842377,197.16199,170.76677
2026-05-16 05:48:44.697046+00:00,15082,-40.202953,48.94297,50.697388,-47.501057,194.26517,166.1588
2026-05-16 05:48:44.727046+00:00,15112,-43.91173,54.88557,44.865227,-49.062405,203.37155,170.08725
2026-05-16 05:48:44.755046+00:00,15140,-44.740494,56.10355,37.557255,-50.56837,196.85371,173.45633
2026-05-16 05:48:44.777046+00:00,15162,-45.814274,44.644825,54.315945,-50.88691,200.2565,176.35263
2026-05-16 05:48:44.797046+00:00,15182,-47.69714,42.09534,44.279167,-53.179916,204.58325,173.28786
2026-05-16 05:48:44.819046+00:00,15204,-48.598232,58.21451,52.359062,-54.441284,202.2441,174.22739
2026-05-16 05:48:44.876046+00:00,15261,-50.024197,57.019424,42.15818,-55.569653,200.00494,173.31897
2026-05-16 05:48:44.940046+00:00,15325,-49.02697,50.947605,44.352806,-57.907726,195.41835,172.52312
2026-05-16 05:48:44.967046+00:00,15352,-51.167393,53.814064,44.098896,-58.805405,192.7592,172.57715
2026-05-16 05:48:44.988046+00:00,15373,-51.66743,48.847057,45.41391,-59.3981,193.91647,176.00015
2026-05-16 05:48:45.056046+00:00,15441,-53.0471,50.902424,43.634274,-60.435394,193.91171,170.351
2026-05-16 05:48:45.076046+00:00,15461,-52.797653,41.883812,35.86758,-60.129307,201.87086,171.03099
2026-05-16 05:48:45.101046+00:00,15486,-54.176212,50.106796,47.82431,-60.632893,199.68492,173.56523
2026-05-16 05:48:45.126046+00:00,15511,-53.892483,51.410812,43.44177,-61.270462,200.3275,175.02283
2026-05-16 05:48:45.176046+00:00,15561,-52.918224,54.29229,49.965427,-62.366886,197.75372,166.51587
2026-05-16 05:48:45.197046+00:00,15582,-54.023727,54.177094,54.52624,-61.66146,192.92784,173.75175
2026-05-16 05:48:45.220046+00:00,15605,-56.29034,47.336037,54.435173,-61.82737,201.1551,171.6511
2026-05-16 05:48:45.244046+00:00,15629,-55.38998,50.51274,45.48776,-61.355633,198.19254,165.98056
2026-05-16 05:48:45.287046+00:00,15672,-54.03084,54.10864,43.624664,-60.6212,200.1431,174.63481
2026-05-16 05:48:45.309046+00:00,15694,-53.688263,50.351357,39.688198,-60.838974,198.99289,174.16685
2026-05-16 05:48:45.359046+00:00,15744,-51.814533,46.239986,56.428986,-58.97926,201.42424,167.72978
2026-05-16 05:48:45.384046+00:00,15769,-51.830315,34.29722,43.25267,-59.418068,197.4821,169.32188
2026-05-16 05:48:45.407046+00:00,15792,-51.666523,47.56359,50.89005,-58.998917,196.62766,171.15746
2026-05-16 05:48:45.435046+00:00,15820,-50.611008,48.701187,47.98694,-57.69081,198.33354,173.42502
2026-05-16 05:48:45.459046+00:00,15844,-50.52569,56.00111,43.04805,-57.427258,197.21883,174.92316
2026-05-16 05:48:45.484046+00:00,15869,-49.93042,55.373974,48.037514,-56.164917,203.80495,175.08618
2026-05-16 05:48:45.537046+00:00,15922,-48.688786,54.49912,49.150597,-55.357204,195.68506,169.08015
2026-05-16 05:48:45.558046+00:00,15943,-50.59154,50.532818,49.083595,-53.846336,200.63802,170.06015
2026-05-16 05:48:45.598046+00:00,15983,-45.90722,50.114086,46.582634,-51.848934,202.30067,172.41618
2026-05-16 05:48:45.626046+00:00,16011,-45.076145,47.06822,45.631565,-50.32132,195.86604,167.71645
2026-05-16 05:48:45.655046+00:00,16040,-41.75778,46.463047,50.861965,-49.62225,193.61284,166.62329
2026-05-16 05:48:45.675046+00:00,16060,-42.124096,56.448227,46.06639,-48.3768,197.51721,168.99329
2026-05-16 05:48:45.717046+00:00,16102,-40.32403,47.976315,51.758656,-47.332977,200.57445,170.12964
2026-05-16 05:48:45.812046+00:00,16197,-40.66263,52.061417,51.614357,-45.649666,202.18808,168.36052
2026-05-16 05:48:46.189046+00:00,16574,-37.551746,34.852203,43.734535,-43.53663,205.5063,172.8289
2026-05-16 05:48:46.238046+00:00,16623,-34.25298,52.440155,45.790768,-41.168743,199.64415,172.4184
2026-05-16 05:48:46.281046+00:00,16666,-30.179914,49.469597,49.98903,-34.116756,202.61537,167.77109
2026-05-16 05:48:46.309046+00:00,16694,-23.816639,46.940407,47.40473,-26.583237,197.17648,173.94559
2026-05-16 05:48:46.351046+00:00,16736,-16.184145,49.55347,49.348114,-18.122833,198.70486,173.49692
2026-05-16 05:48:46.378046+00:00,16763,-9.37926,51.486893,42.327343,-11.404168,198.97343,171.80092
2026-05-16 05:48:46.399046+00:00,16784,-2.4246113,47.397217,44.498653,-4.28361,196.20428,173.09007
2026-05-16 05:48:46.423046+00:00,16808,4.433862,45.92598,45.03136,2.4014008,195.24431,166.89029
2026-05-16 05:48:46.439046+00:00,16824,10.2692175,60.29877,54.22279,8.346265,195.25656,172.06194
2026-05-16 05:48:46.555046+00:00,16940,28.503124,59.913536,43.9828,28.46814,201.71269,171.89804
2026-05-16 05:48:46.576046+00:00,16961,31.064318,54.678635,44.230003,32.497658,201.71288,168.22076
2026-05-16 05:48:46.602046+00:00,16987,33.39717,48.135445,46.04379,35.37662,192.55234,172.10661
2026-05-16 05:48:46.664046+00:00,17049,42.392887,49.127266,47.611164,44.108208,197.72998,171.85973
2026-05-16 05:48:46.688046+00:00,17073,44.299614,46.80279,48.344463,46.495697,197.06413,170.14914
2026-05-16 05:48:46.776046+00:00,17161,50.3163,41.83094,52.876926,55.231495,197.90524,171.22617
2026-05-16 05:48:46.796046+00:00,17181,54.020947,55.418182,42.88997,57.543617,196.8194,177.00537
2026-05-16 05:48:46.843046+00:00,17228,58.39719,47.0857,47.503143,60.95597,196.08493,170.06543
2026-05-16 05:48:46.867046+00:00,17252,57.097557,47.765186,46.80885,62.76093,197.1126,173.35785
2026-05-16 05:48:46.918046+00:00,17303,59.568626,46.35541,48.13287,65.591805,199.18813,168.48087
2026-05-16 05:48:46.946046+00:00,17331,63.25212,49.07694,42.264763,66.56498,197.58012,168.89452
2026-05-16 05:48:46.968046+00:00,17353,63.48267,49.622692,46.40506,68.31666,200.3572,173.80458
2026-05-16 05:48:46.989046+00:00,17374,65.2289,48.52892,44.723137,69.61868,206.4641,171.73813
2026-05-16 05:48:47.036046+00:00,17421,66.11345,52.106422,48.03829,71.59235,197.14645,171.45601
2026-05-16 05:48:47.065046+00:00,17450,68.164604,51.30192,48.85926,72.31515,196.99312,168.81664
2026-05-16 05:48:47.083046+00:00,17468,67.00177,56.33594,45.52362,72.73796,198.34743,167.86449
2026-05-16 05:48:47.106046+00:00,17491,69.16378,43.99996,48.667236,72.972115,198.87827,172.2344
2026-05-16 05:48:47.155046+00:00,17540,69.32039,47.202602,54.430927,72.47162,197.14198,173.14017
2026-05-16 05:48:47.180046+00:00,17565,65.35989,48.235996,45.25519,72.9448,201.26509,171.50745
2026-05-16 05:48:47.208046+00:00,17593,66.21582,47.83021,46.805107,72.06391,205.87274,172.67436
2026-05-16 05:48:47.230046+00:00,17615,66.78143,54.355373,49.85922,71.330826,196.43813,167.90454
2026-05-16 05:48:47.276046+00:00,17661,66.62926,52.56799,41.202797,70.066925,192.09941,167.51144
2026-05-16 05:48:47.298046+00:00,17683,66.44458,42.09382,49.21845,68.46351,200.68408,173.69864
2026-05-16 05:48:47.317046+00:00,17702,64.159546,48.968094,50.448456,68.470924,198.10153,166.1838
2026-05-16 05:48:47.339046+00:00,17724,64.33986,40.91131,44.065598,67.94074,202.34778,168.93169
2026-05-16 05:48:47.396046+00:00,17781,63.99141,49.776146,51.77093,65.78699,204.35872,171.13309
2026-05-16 05:48:47.418046+00:00,17803,59.639538,52.804703,44.007874,64.9316,198.74857,170.19647
2026-05-16 05:48:47.440046+00:00,17825,60.54219,53.84731,50.988773,63.859535,199.25867,166.4948
2026-05-16 05:48:47.465046+00:00,17850,59.725975,48.83759,47.138836,62.967102,196.7984,169.22899
2026-05-16 05:48:47.509046+00:00,17894,56.55633,56.862343,45.25555,61.11376,197.10324,170.40645
2026-05-16 05:48:47.541046+00:00,17926,55.43124,43.849125,48.392624,60.17472,191.53375,168.2389
2026-05-16 05:48:47.569046+00:00,17954,55.743755,46.966537,49.743435,59.074516,204.88406,171.63464
2026-05-16 05:48:47.616046+00:00,18001,52.348953,56.022785,47.386555,56.830524,199.42584,171.40024
2026-05-16 05:48:47.644046+00:00,18029,51.75338,52.18975,46.716835,56.100616,197.68748,166.44638
2026-05-16 05:48:47.668046+00:00,18053,51.413086,56.947365,48.908382,55.140667,195.6235,171.7617
2026-05-16 05:48:47.810046+00:00,18195,47.014565,52.442356,45.353634,51.137634,200.55408,174.86479
2026-05-16 05:48:47.836046+00:00,18221,45.926342,51.065258,47.53331,50.500698,200.38759,172.49161
2026-05-16 05:48:47.859046+00:00,18244,48.427883,54.510952,47.241962,50.086143,203.95116,169.31352
2026-05-16 05:48:47.876046+00:00,18261,46.437412,49.22364,46.92225,49.574566,205.06729,168.95734
2026-05-16 05:48:47.921046+00:00,18306,46.91949,41.322105,47.876854,49.464478,197.98035,171.0863
2026-05-16 05:48:47.945046+00:00,18330,46.42612,48.141525,47.18843,49.394115,198.34924,173.726
2026-05-16 05:48:47.987046+00:00,18372,48.745388,53.473896,45.516613,49.910973,196.6368,172.2026
2026-05-16 05:48:48.008046+00:00,18393,47.154747,46.281906,48.53515,50.264927,199.56694,173.6703
2026-05-16 05:48:48.037046+00:00,18422,47.53922,43.508217,45.27112,51.35648,195.65529,172.21402
2026-05-16 05:48:48.058046+00:00,18443,47.917374,46.062748,49.19297,51.520435,203.32741,170.44498
2026-05-16 05:48:48.099046+00:00,18484,49.83233,55.40415,47.246937,53.483166,193.56944,168.98972
2026-05-16 05:48:48.120046+00:00,18505,49.970627,52.90806,48.971943,54.66078,200.6379,177.37317
2026-05-16 05:48:48.159046+00:00,18544,53.199326,46.97943,43.962597,57.2086,197.63852,169.65405
2026-05-16 05:48:48.178046+00:00,18563,53.496525,51.271572,46.806705,58.68894,198.07419,168.80344
2026-05-16 05:48:48.226046+00:00,18611,58.439484,50.3094,49.68452,61.140797,199.39871,175.63667
2026-05-16 05:48:48.264046+00:00,18649,58.367413,47.142654,49.777237,62.24063,194.1818,172.51498
2026-05-16 05:48:48.284046+00:00,18669,59.399563,63.045242,51.451927,64.430504,197.25934,168.25432
2026-05-16 05:48:48.307046+00:00,18692,61.964504,45.215794,52.14863,66.155304,197.6077,171.64188
2026-05-16 05:48:48.337046+00:00,18722,63.610855,48.97714,44.865925,67.710205,193.78857,172.65761
2026-05-16 05:48:48.358046+00:00,18743,63.32493,55.01553,54.464462,69.88791,192.09535,176.19028
2026-05-16 05:48:48.397046+00:00,18782,64.82311,40.6666,51.338573,71.377945,198.11687,171.9487
2026-05-16 05:48:48.423046+00:00,18808,68.18075,52.626392,44.136715,72.308495,198.04941,167.91035
2026-05-16 05:48:48.478046+00:00,18863,68.59228,38.02651,49.278496,73.37683,196.20834,168.90799
2026-05-16 05:48:48.498046+00:00,18883,68.836975,51.453712,50.00819,73.56203,199.36447,169.65659
2026-05-16 05:48:48.516046+00:00,18901,69.074066,54.06441,40.288696,73.79387,200.69217,173.29396
2026-05-16 05:48:48.538046+00:00,18923,66.51835,54.640545,44.675594,73.434494,197.19136,173.23735
2026-05-16 05:48:48.584046+00:00,18969,66.908264,54.010303,49.98323,73.15037,196.80676,168.6128
2026-05-16 05:48:48.605046+00:00,18990,67.73967,48.738274,52.576157,72.62668,201.12578,169.86897
2026-05-16 05:48:48.708046+00:00,19093,61.624947,50.95324,44.594173,67.371826,194.30507,168.95003
2026-05-16 05:48:48.728046+00:00,19113,62.71965,53.04052,50.68962,66.61394,196.92569,166.95702
2026-05-16 05:48:48.787046+00:00,19172,59.911182,47.652023,50.252983,65.35744,199.88675,169.36482
2026-05-16 05:48:48.807046+00:00,19192,59.049885,47.91467,45.497242,63.285484,194.367,170.9985
2026-05-16 05:48:48.827046+00:00,19212,57.875877,48.355484,39.238533,61.755894,199.33514,171.02438
2026-05-16 05:48:48.854046+00:00,19239,57.59137,43.102215,51.047935,60.370777,192.64468,170.63644
2026-05-16 05:48:48.897046+00:00,19282,55.653225,45.257874,47.970192,58.28544,195.85242,171.41179
2026-05-16 05:48:48.917046+00:00,19302,51.542347,54.009354,50.363106,55.96274,198.86447,170.76555
2026-05-16 05:48:48.938046+00:00,19323,51.405483,53.081024,50.039658,54.682465,199.90027,170.25276
2026-05-16 05:48:48.965046+00:00,19350,49.885155,47.715027,55.673225,52.561184,200.21188,171.55882
2026-05-16 05:48:49.145046+00:00,19530,39.373924,42.995365,53.86136,39.36664,198.72583,168.44531
2026-05-16 05:48:49.173046+00:00,19558,37.333164,53.920403,53.537277,37.898663,199.77087,169.68105
2026-05-16 05:48:49.196046+00:00,19581,34.937576,54.340862,43.281128,37.058907,197.93095,171.39795
2026-05-16 05:48:49.217046+00:00,19602,33.928078,56.323906,57.74102,35.306934,192.03658,169.22649
2026-05-16 05:48:49.239046+00:00,19624,33.663536,46.70198,41.277454,33.5145,192.652,172.58386
2026-05-16 05:48:49.265046+00:00,19650,29.905357,53.472836,43.69532,32.252712,199.76637,168.1662
2026-05-16 05:48:49.306046+00:00,19691,29.995405,47.118477,51.442245,30.316051,201.24797,167.73027
2026-05-16 05:48:49.329046+00:00,19714,29.439215,42.033386,46.263443,29.351425,192.57729,168.70236
2026-05-16 05:48:49.378046+00:00,19763,27.570366,48.74013,46.12445,27.811333,198.24748,171.78946
2026-05-16 05:48:49.397046+00:00,19782,26.751997,52.96609,45.57712,26.573864,191.98166,170.67741
2026-05-16 05:48:49.422046+00:00,19807,26.406754,57.047947,46.772373,25.228914,197.56294,167.39455
2026-05-16 05:48:49.448046+00:00,19833,25.116896,48.235786,44.08232,25.257587,196.1559,172.05008
2026-05-16 05:48:49.505046+00:00,19890,21.523455,49.651054,46.24965,24.131763,199.96379,171.67113
2026-05-16 05:48:49.529046+00:00,19914,21.732332,37.32874,44.247677,23.140419,202.79218,168.52663
2026-05-16 05:48:49.552046+00:00,19937,22.394281,46.519974,43.35453,22.123022,201.08307,168.48875
2026-05-16 05:48:49.579046+00:00,19964,22.779825,50.53733,46.508575,21.795788,199.3537,166.65157
2026-05-16 05:48:49.748046+00:00,20133,18.196682,45.290344,47.438725,17.12243,196.22986,167.54799
2026-05-16 05:48:49.771046+00:00,20156,16.166012,48.04063,46.16688,16.58009,194.2801,174.2714
2026-05-16 05:48:49.797046+00:00,20182,15.132241,38.40531,53.168804,15.384257,192.95628,169.28464
2026-05-16 05:48:49.828046+00:00,20213,16.738468,46.766647,47.780304,15.219461,199.4212,167.43013
2026-05-16 05:48:49.970046+00:00,20355,14.460686,48.73461,46.89366,15.290415,199.75005,171.2772
2026-05-16 05:48:49.996046+00:00,20381,16.487446,52.86087,44.57074,16.28452,191.67993,171.43088
2026-05-16 05:48:50.021046+00:00,20406,14.819764,52.802032,46.333557,16.83703,193.62627,169.5152
2026-05-16 05:48:50.049046+00:00,20434,17.94902,48.16162,41.445107,17.239725,197.12164,171.09001
2026-05-16 05:48:50.095046+00:00,20480,18.495022,51.06101,53.01523,18.862488,194.63284,170.36958
2026-05-16 05:48:50.111046+00:00,20496,18.486406,53.946243,48.12562,19.964087,201.85295,173.60805
2026-05-16 05:48:50.159046+00:00,20544,22.700869,51.253914,40.967686,21.492773,195.83821,168.40543
2026-05-16 05:48:50.180046+00:00,20565,21.356318,49.658203,54.346775,23.15504,196.86858,170.66736
2026-05-16 05:48:50.209046+00:00,20594,24.450813,47.470093,46.870705,24.007212,198.85039,172.9972
2026-05-16 05:48:50.234046+00:00,20619,24.325932,44.751823,45.250874,24.393677,198.34195,168.92975
2026-05-16 05:48:50.256046+00:00,20641,25.80901,48.138832,40.657272,26.023155,198.46655,168.51265
2026-05-16 05:48:50.369046+00:00,20754,27.683903,45.221172,44.94328,27.23757,202.47371,175.19496
2026-05-16 05:48:50.481046+00:00,20866,30.147938,56.373074,44.20255,32.534737,196.18855,176.4487
2026-05-16 05:48:50.503046+00:00,20888,33.470318,45.21511,44.385365,34.0522,194.86739,167.75183
2026-05-16 05:48:50.561046+00:00,20946,33.959766,56.914795,52.34522,37.339672,198.04364,172.38042
2026-05-16 05:48:50.585046+00:00,20970,36.18197,58.721764,53.530125,38.80071,197.95168,175.51254
2026-05-16 05:48:50.698046+00:00,21083,43.14342,47.694916,51.391933,45.57766,197.9756,171.13191
2026-05-16 05:48:50.725046+00:00,21110,45.13022,51.43291,47.925213,47.19679,202.35576,167.40678
2026-05-16 05:48:50.747046+00:00,21132,46.439583,48.080425,58.321682,48.56132,199.1996,172.41618
2026-05-16 05:48:50.767046+00:00,21152,49.10665,51.45255,48.41157,50.82337,200.79097,170.85612
2026-05-16 05:48:50.796046+00:00,21181,50.8385,47.90049,44.92335,52.27189,201.2647,173.67026
2026-05-16 05:48:50.824046+00:00,21209,50.95333,47.69105,48.904026,53.035656,203.57744,172.99371
2026-05-16 05:48:50.875046+00:00,21260,52.288147,61.090183,58.474068,56.159195,193.34822,171.16911
2026-05-16 05:48:50.896046+00:00,21281,55.10502,53.68015,51.321953,57.3695,194.6897,170.51317
2026-05-16 05:48:50.921046+00:00,21306,53.771893,45.536976,49.96049,58.015255,192.9386,172.60541
2026-05-16 05:48:50.945046+00:00,21330,54.19146,49.32694,44.255856,59.131565,201.63162,171.93288
2026-05-16 05:48:50.986046+00:00,21371,57.220745,48.229004,43.90887,61.053047,191.60268,174.142
2026-05-16 05:48:51.007046+00:00,21392,58.157394,39.454414,47.598946,61.61357,195.51176,169.13615
2026-05-16 05:48:51.050046+00:00,21435,58.25883,54.272945,40.370808,61.968502,198.77129,167.15288
2026-05-16 05:48:51.085046+00:00,21470,58.881973,39.892933,54.395405,61.8352,192.3297,175.43776
2026-05-16 05:48:51.109046+00:00,21494,57.20586,53.399597,52.37576,62.211082,205.24875,174.68903
2026-05-16 05:48:51.130046+00:00,21515,58.00741,50.974228,47.31818,61.770294,195.64821,175.4451
2026-05-16 05:48:51.308046+00:00,21693,53.779873,45.722195,46.06249,56.000137,199.73817,173.74388
2026-05-16 05:48:51.334046+00:00,21719,52.160366,44.13907,50.45356,54.69903,193.6055,167.29173
2026-05-16 05:48:51.365046+00:00,21750,48.092873,45.972733,44.285156,52.654797,203.38211,171.13448
2026-05-16 05:48:51.394046+00:00,21779,49.635685,57.47844,42.58197,51.96703,195.31827,165.61758
2026-05-16 05:48:51.426046+00:00,21811,48.5169,55.663113,41.401325,49.668705,201.3104,173.6451
2026-05-16 05:48:51.453046+00:00,21838,43.618504,46.903,48.852997,47.347107,200.62314,170.34644
2026-05-16 05:48:51.476046+00:00,21861,43.18444,49.65451,45.6165,45.400387,206.026,171.42168
2026-05-16 05:48:51.518046+00:00,21903,39.39242,49.48156,48.63456,42.333504,197.18552,163.62308
2026-05-16 05:48:51.536046+00:00,21921,39.84965,45.29585,41.704712,40.80384,189.66948,174.0881
2026-05-16 05:48:51.589046+00:00,21974,35.244865,54.298454,42.45153,37.926872,198.59886,173.7501
2026-05-16 05:48:51.609046+00:00,21994,34.700382,46.80446,43.51097,36.41977,198.56888,169.70949
2026-05-16 05:48:51.655046+00:00,22040,31.725462,53.31983,39.672874,31.484138,197.111,173.62334
2026-05-16 05:48:51.680046+00:00,22065,28.98165,49.38015,43.896324,31.213764,195.42732,172.42969
2026-05-16 05:48:51.708046+00:00,22093,27.268913,52.613297,43.218307,29.11481,201.52585,173.72772
2026-05-16 05:48:51.787046+00:00,22172,27.009657,46.402054,44.702267,27.778795,200.69249,173.18951
2026-05-16 05:48:52.083046+00:00,22468,25.64129,53.256603,43.330914,26.547829,197.30473,171.23366
2026-05-16 05:48:52.106046+00:00,22491,24.832691,46.302193,40.54637,23.457624,197.40196,174.64926
2026-05-16 05:48:52.147046+00:00,22532,21.29146,53.69895,53.038593,21.824114,199.07465,165.52834
2026-05-16 05:48:52.237046+00:00,22622,14.007555,47.23515,51.709007,16.300837,198.25517,176.80966
2026-05-16 05:48:52.257046+00:00,22642,13.450432,50.797955,46.619514,14.391042,199.19638,170.4809
2026-05-16 05:48:52.300046+00:00,22685,12.366574,41.379196,48.4967,12.347334,196.25519,168.79941
2026-05-16 05:48:52.323046+00:00,22708,11.856428,49.21566,45.296085,11.861565,197.34703,174.85034
2026-05-16 05:48:52.486046+00:00,22871,12.305333,45.413876,52.017475,12.929489,196.8654,168.80547
2026-05-16 05:48:52.515046+00:00,22900,12.520512,53.388874,50.68355,13.575056,194.02765,169.14929
2026-05-16 05:48:52.536046+00:00,22921,14.170062,54.673687,53.28176,14.04042,196.99559,173.25917
2026-05-16 05:48:52.564046+00:00,22949,16.616743,50.28862,44.86666,14.157407,194.82039,167.62401
2026-05-16 05:48:52.721046+00:00,23106,14.142149,42.56952,49.98424,14.2881975,198.05472,166.01448
2026-05-16 05:48:52.746046+00:00,23131,15.43607,58.879086,51.467224,13.765445,190.64282,169.15782
2026-05-16 05:48:52.797046+00:00,23182,12.67088,51.250725,49.72656,13.428777,199.54878,169.42195
2026-05-16 05:48:52.826046+00:00,23211,12.812408,43.223362,47.62537,12.892107,194.42278,169.38808
2026-05-16 05:48:52.916046+00:00,23301,10.347408,54.45061,39.56767,10.613629,198.0416,169.09001
2026-05-16 05:48:52.936046+00:00,23321,11.7591,47.802658,48.962955,9.95655,196.75575,169.67546
2026-05-16 05:48:52.957046+00:00,23342,9.217638,43.059654,46.282745,9.955509,196.4527,175.4977
2026-05-16 05:48:53.083046+00:00,23468,8.952656,52.25219,52.73657,8.513754,199.44293,166.36798
2026-05-16 05:48:53.105046+00:00,23490,10.409517,51.879795,47.351555,7.9012666,201.33104,165.40085
2026-05-16 05:48:53.147046+00:00,23532,9.575753,43.79836,51.752018,8.143248,193.49017,171.44324
2026-05-16 05:48:53.166046+00:00,23551,9.730671,55.263065,52.347195,7.9324164,203.97612,173.11598
2026-05-16 05:48:53.217046+00:00,23602,7.058563,48.497833,49.209415,7.4823523,199.58986,165.36716
2026-05-16 05:48:53.237046+00:00,23622,8.138225,40.341434,52.761143,7.401623,197.198,167.29199
2026-05-16 05:48:53.260046+00:00,23645,7.175536,52.559845,40.694477,8.029145,197.64786,168.45206
2026-05-16 05:48:53.276046+00:00,23661,8.234797,51.10158,49.371365,7.5602374,197.76497,166.99025
2026-05-16 05:48:53.318046+00:00,23703,6.151009,46.320812,46.166122,7.223103,195.5871,169.00827
2026-05-16 05:48:53.350046+00:00,23735,8.377142,58.223663,45.42667,7.277074,204.14357,173.55164
2026-05-16 05:48:53.388046+00:00,23773,9.7001095,43.88948,40.50441,7.4776225,198.49513,164.20055
2026-05-16 05:48:53.416046+00:00,23801,9.500185,48.834183,52.368465,7.2884345,200.02623,167.75449
2026-05-16 05:48:53.436046+00:00,23821,8.600955,49.155254,49.425,7.4219227,195.85805,169.70555
2026-05-16 05:48:53.467046+00:00,23852,7.249972,53.50343,50.126537,7.6476355,196.95746,170.82631
2026-05-16 05:48:53.516046+00:00,23901,7.518431,46.52531,48.445683,7.208264,195.11829,166.70372
2026-05-16 05:48:53.547046+00:00,23932,5.703923,56.693687,46.930553,7.06402,202.24838,171.87863
2026-05-16 05:48:53.676046+00:00,24061,10.390328,55.31005,45.67181,7.212322,198.0268,172.0932
2026-05-16 05:48:53.704046+00:00,24089,7.963824,62.358498,45.60795,6.346445,198.70895,171.21693
2026-05-16 05:48:53.819046+00:00,24204,9.3624,47.08227,43.089035,6.557364,198.93999,167.60449
2026-05-16 05:48:53.844046+00:00,24229,6.702868,52.5539,49.31686,6.8586583,196.76242,174.79434
2026-05-16 05:48:53.862046+00:00,24247,7.4485292,54.659283,51.420036,6.9493985,206.15732,170.64633
2026-05-16 05:48:53.885046+00:00,24270,6.9667025,43.57863,53.577175,7.3840647,195.86354,168.50958
2026-05-16 05:48:53.924046+00:00,24309,8.727559,44.489418,44.209576,6.150567,198.86891,174.61426
2026-05-16 05:48:53.945046+00:00,24330,7.9995394,53.019447,44.166004,6.738917,200.70578,175.48029
2026-05-16 05:48:53.999046+00:00,24384,6.815838,49.408882,43.113674,6.115731,197.6666,171.14291
2026-05-16 05:48:54.028046+00:00,24413,6.7866,52.98087,53.22852,6.3827057,197.99127,173.2578
2026-05-16 05:48:54.058046+00:00,24443,9.528922,54.66393,49.1391,7.14082,195.96033,170.5101
2026-05-16 05:48:54.077046+00:00,24462,9.276952,55.288784,48.947155,6.735671,198.33333,173.42177
2026-05-16 05:48:54.116046+00:00,24501,6.795998,46.090164,48.786205,7.1909676,203.60632,171.92786
2026-05-16 05:48:54.136046+00:00,24521,6.9702935,41.368618,47.92128,7.186856,194.91234,169.50734
2026-05-16 05:48:54.160046+00:00,24545,8.585501,64.271,47.028854,6.4609456,198.67355,163.64124
2026-05-16 05:48:54.185046+00:00,24570,7.188261,42.015697,49.219353,6.378259,196.31511,174.20357
2026-05-16 05:48:54.236046+00:00,24621,6.488676,56.718487,51.853065,6.4561315,203.08418,166.2417
2026-05-16 05:48:54.256046+00:00,24641,6.4146795,50.72046,46.52139,6.6023436,200.92131,174.82698
2026-05-16 05:48:54.289046+00:00,24674,7.098883,59.025402,51.233902,6.108225,197.37766,171.53839
2026-05-16 05:48:54.308046+00:00,24693,7.65188,49.89593,49.38308,6.9577026,196.53647,173.7641
2026-05-16 05:48:54.357046+00:00,24742,6.51298,49.74723,48.71996,6.516718,201.21815,171.39912
2026-05-16 05:48:54.386046+00:00,24771,6.4966745,54.438553,53.04645,6.460659,202.16362,175.47716
2026-05-16 05:48:54.410046+00:00,24795,7.241115,53.702797,57.673805,6.39131,198.93906,176.16277
2026-05-16 05:48:54.429046+00:00,24814,6.6505904,53.416622,51.80279,6.1536946,198.62006,171.86229
2026-05-16 05:48:54.482046+00:00,24867,6.2133784,46.779175,46.461357,6.1898127,193.61977,169.20296
2026-05-16 05:48:54.507046+00:00,24892,8.020643,57.752876,48.131855,7.059764,199.09537,168.60776
2026-05-16 05:48:54.596046+00:00,24981,7.0685496,54.734768,52.34827,6.2602572,193.80367,167.52228
2026-05-16 05:48:54.615046+00:00,25000,8.675626,45.30912,45.98295,6.5740075,190.92056,166.62222
2026-05-16 05:48:54.717046+00:00,25102,8.282293,48.68469,46.580235,5.9552283,196.2506,169.44743
2026-05-16 05:48:54.735046+00:00,25120,8.2227125,49.77166,43.54076,5.439719,198.10426,164.43575
2026-05-16 05:48:54.757046+00:00,25142,10.195973,47.50197,45.87588,6.4293027,201.19086,171.29356
2026-05-16 05:48:54.777046+00:00,25162,7.5043974,49.343224,50.659798,5.858171,192.50012,171.64853
2026-05-16 05:48:54.827046+00:00,25212,7.750285,51.08661,40.691563,5.801497,199.75667,170.27348
2026-05-16 05:48:54.846046+00:00,25231,6.3720384,46.312508,51.671814,5.685382,199.1316,169.85748
2026-05-16 05:48:54.884046+00:00,25269,6.325406,47.16111,51.84771,5.635029,195.23422,169.00705
2026-05-16 05:48:54.908046+00:00,25293,6.7036395,41.76145,54.13016,5.8128448,197.24402,170.85133
2026-05-16 05:48:54.936046+00:00,25321,6.4460263,51.442547,51.671032,6.017289,196.10646,172.01009
2026-05-16 05:48:54.958046+00:00,25343,6.149516,45.821716,48.752254,6.0371156,194.75046,169.87268
2026-05-16 05:48:54.996046+00:00,25381,7.6179166,54.148827,40.801792,6.2828293,195.64941,174.52441
2026-05-16 05:48:55.021046+00:00,25406,5.815684,45.27226,41.18466,5.2470994,198.552,172.97842
2026-05-16 05:48:55.068046+00:00,25453,5.223033,52.500183,46.76559,5.827767,204.22939,171.31493
2026-05-16 05:48:55.096046+00:00,25481,6.6185093,59.94949,42.12444,5.8182874,200.02776,171.06735
2026-05-16 05:48:55.121046+00:00,25506,4.9361014,47.279152,51.061226,5.7253675,198.47136,172.11716
2026-05-16 05:48:55.152046+00:00,25537,6.7850127,46.979557,49.62252,5.886644,199.50662,169.71541
2026-05-16 05:48:55.196046+00:00,25581,8.099376,51.112217,48.628147,5.6673965,201.14938,168.09474
2026-05-16 05:48:55.217046+00:00,25602,6.672707,47.766525,47.36737,6.065697,195.71664,168.10307
2026-05-16 05:48:55.243046+00:00,25628,7.5163383,51.86778,54.85015,5.5849924,195.99535,170.88089
2026-05-16 05:48:55.265046+00:00,25650,7.6954365,47.82099,50.828545,5.475906,198.98528,170.58449
2026-05-16 05:48:55.356046+00:00,25741,7.623855,52.715828,47.47812,5.873054,200.19495,174.38112
2026-05-16 05:48:55.381046+00:00,25766,5.045903,42.12689,44.41212,6.083497,195.53473,169.49126
2026-05-16 05:48:55.418046+00:00,25803,8.195656,51.898666,41.827175,5.2076464,198.9822,166.9926
2026-05-16 05:48:55.444046+00:00,25829,4.140073,37.48257,48.898514,5.8157134,199.6627,173.04982
2026-05-16 05:48:55.498046+00:00,25883,8.055037,48.30095,52.53453,5.4629006,199.10442,172.42236
2026-05-16 05:48:55.516046+00:00,25901,6.5240426,47.016277,50.21971,5.900185,199.73212,170.22194
2026-05-16 05:48:55.542046+00:00,25927,7.2228355,57.536686,43.62603,5.326937,195.5117,170.08801
2026-05-16 05:48:55.559046+00:00,25944,6.525905,54.8518,61.18797,5.288491,195.03326,169.25832
2026-05-16 05:48:55.596046+00:00,25981,6.5050063,44.823368,43.112286,5.5430303,199.67484,170.04227
2026-05-16 05:48:55.619046+00:00,26004,7.2353573,48.87124,51.278957,5.0097027,195.0037,170.53381
2026-05-16 05:48:55.721046+00:00,26106,8.161627,42.12222,54.85471,5.069796,198.79166,171.48949
2026-05-16 05:48:55.744046+00:00,26129,7.0540094,52.394882,50.101665,5.20717,196.4256,167.7427
2026-05-16 05:48:55.851046+00:00,26236,6.2346053,44.12977,40.165085,5.4165626,195.96968,171.98445
2026-05-16 05:48:55.874046+00:00,26259,6.5085874,45.234756,47.998154,5.352198,198.82622,173.01245
2026-05-16 05:48:55.914046+00:00,26299,4.0298867,44.52162,51.217922,5.2472,196.23132,171.99475
2026-05-16 05:48:55.932046+00:00,26317,3.4905589,50.78391,47.00419,5.0134764,197.8061,170.08551
2026-05-16 05:48:55.956046+00:00,26341,4.1791706,51.925034,42.504456,4.6436243,202.47614,175.0376
2026-05-16 05:48:55.989046+00:00,26374,6.0202684,50.327843,43.4527,4.7048516,201.69662,173.35957
2026-05-16 05:48:56.039046+00:00,26424,5.6857576,46.191227,51.48271,4.945843,196.48254,165.73843
2026-05-16 05:48:56.065046+00:00,26450,5.1050043,46.82094,49.641296,5.377962,200.08583,176.2283
2026-05-16 05:48:56.083046+00:00,26468,4.9074354,46.450775,49.079903,4.9462414,196.50697,167.53738
2026-05-16 05:48:56.106046+00:00,26491,4.849896,46.8465,49.058666,5.0521436,195.58902,175.3326
2026-05-16 05:48:56.144046+00:00,26529,7.638134,55.370758,45.24622,4.936582,196.81973,171.30157
2026-05-16 05:48:56.170046+00:00,26555,5.674494,50.370068,52.905907,4.674139,201.19484,167.8021
2026-05-16 05:48:56.196046+00:00,26581,4.173667,59.97316,52.556095,5.1232514,199.226,170.05324
2026-05-16 05:48:56.217046+00:00,26602,6.2273746,56.75857,45.99964,4.455626,199.8467,175.33774
2026-05-16 05:48:56.269046+00:00,26654,4.982059,48.503933,49.757317,4.6330466,199.835,161.23141
2026-05-16 05:48:56.301046+00:00,26686,5.8097973,53.482853,51.393044,4.492398,193.38599,169.9034
2026-05-16 05:48:56.574046+00:00,26959,4.7627645,61.208828,43.827114,3.5667434,197.61284,169.46236
2026-05-16 05:48:56.611046+00:00,26996,4.490013,48.11613,47.081814,4.2422285,200.94992,170.65083
2026-05-16 05:48:56.683046+00:00,27068,5.7945204,51.63787,46.423306,4.303443,200.41617,174.21672
2026-05-16 05:48:56.706046+00:00,27091,5.045134,53.580738,48.13532,4.6025443,199.35431,171.15234
2026-05-16 05:48:56.804046+00:00,27189,6.5751977,46.023712,44.098766,4.4305277,198.37434,169.44923
2026-05-16 05:48:56.827046+00:00,27212,5.512051,48.26884,49.273643,3.72345,197.3071,171.96545
2026-05-16 05:48:56.878046+00:00,27263,4.575082,46.465683,49.251896,3.9189634,201.40121,169.03816
2026-05-16 05:48:56.901046+00:00,27286,5.6669865,43.430485,52.335304,3.814131,199.55334,166.81299
2026-05-16 05:48:56.929046+00:00,27314,5.8741016,54.389866,47.846428,4.2483892,196.11447,173.5725
2026-05-16 05:48:56.949046+00:00,27334,4.5290594,56.96397,53.229992,4.215596,203.52655,173.95325
2026-05-16 05:48:56.976046+00:00,27361,4.2787895,42.353622,53.501274,3.7922573,194.1228,167.13828
2026-05-16 05:48:56.996046+00:00,27381,4.3542304,45.520763,45.43106,3.7939634,195.7855,169.44293
2026-05-16 05:48:57.101046+00:00,27486,5.230774,50.312927,41.006107,3.7252605,198.39915,168.69528
2026-05-16 05:48:57.119046+00:00,27504,6.8374696,48.691185,38.62436,3.893607,194.73627,174.42854
2026-05-16 05:48:57.168046+00:00,27553,6.3223076,39.640545,51.358074,3.5201519,196.83601,176.03302
2026-05-16 05:48:57.195046+00:00,27580,6.7417326,49.36321,45.413918,3.8628442,195.99867,166.47116
2026-05-16 05:48:57.216046+00:00,27601,6.302522,53.704823,42.63631,3.8455653,202.4735,168.12793
2026-05-16 05:48:57.236046+00:00,27621,1.9242295,43.331776,45.69718,3.5579057,198.59366,175.26662
2026-05-16 05:48:57.275046+00:00,27660,5.113783,53.15843,43.439095,3.317278,195.79987,172.25851
2026-05-16 05:48:57.297046+00:00,27682,6.277212,50.76727,51.665695,3.6884725,198.89311,173.63434
2026-05-16 05:48:57.343046+00:00,27728,5.2353973,51.285393,44.37271,3.6874487,193.39857,171.04764
2026-05-16 05:48:57.371046+00:00,27756,4.340299,47.65764,49.43394,3.7317786,201.40536,167.18634
2026-05-16 05:48:57.419046+00:00,27804,7.28014,44.452465,50.998985,3.723614,194.69936,169.83904
2026-05-16 05:48:57.460046+00:00,27845,6.458912,50.217743,45.241436,3.879816,200.42337,165.9497
2026-05-16 05:48:57.485046+00:00,27870,4.0311255,44.188007,48.086338,3.7131248,197.79169,172.78291
2026-05-16 05:48:57.587046+00:00,27972,4.3409925,52.06895,50.496704,3.7225308,198.5373,172.03061
2026-05-16 05:48:57.614046+00:00,27999,3.8199396,56.2703,41.934753,3.393076,199.16751,171.93022
2026-05-16 05:48:57.778046+00:00,28163,4.4487762,56.137985,41.36233,3.5874426,196.57011,175.6961
2026-05-16 05:48:57.806046+00:00,28191,6.1516824,47.310276,50.288956,4.056296,196.72519,168.79112
2026-05-16 05:48:57.837046+00:00,28222,5.421626,54.30636,48.09589,3.1029477,197.89377,171.27432
2026-05-16 05:48:57.856046+00:00,28241,6.624859,42.41001,43.08003,3.2753654,198.36317,166.65823
2026-05-16 05:48:57.875046+00:00,28260,5.470562,49.87122,47.665707,3.6468496,195.82643,168.56847
2026-05-16 05:48:57.895046+00:00,28280,3.6411676,58.26351,52.5384,2.9546323,194.74081,171.34908
2026-05-16 05:48:57.936046+00:00,28321,2.816169,58.636734,43.35981,3.556314,201.99364,173.30087
2026-05-16 05:48:57.956046+00:00,28341,4.9700217,64.20523,40.625122,3.178867,198.40784,168.03171
2026-05-16 05:48:58.067046+00:00,28452,2.6662512,48.60308,43.324856,3.183499,197.83879,163.31758
2026-05-16 05:48:58.087046+00:00,28472,4.300111,47.751366,47.335045,2.7453654,201.41998,164.60687
2026-05-16 05:48:58.116046+00:00,28501,6.08048,56.339558,40.618385,3.1961057,193.79831,174.2941
2026-05-16 05:48:58.137046+00:00,28522,4.278585,54.467117,44.38727,3.0068533,198.90666,170.32487
2026-05-16 05:48:58.197046+00:00,28582,5.3528824,56.960274,47.076813,2.966422,202.49411,171.55875
2026-05-16 05:48:58.234046+00:00,28619,3.6094937,53.925915,50.650654,3.0638673,202.41376,166.96283
2026-05-16 05:48:58.257046+00:00,28642,3.0135038,58.43295,40.090508,2.4289315,201.02664,172.90106
2026-05-16 05:48:58.277046+00:00,28662,4.1911917,51.441673,49.085144,3.5482554,199.9356,175.14305
2026-05-16 05:48:58.299046+00:00,28684,4.682021,43.380848,47.76803,2.79925,195.91931,171.42242
2026-05-16 05:48:58.319046+00:00,28704,5.353034,49.848618,47.69871,2.5806892,198.55673,172.91351
2026-05-16 05:48:58.368046+00:00,28753,2.6349595,57.02902,48.341152,3.212429,202.32614,168.5949
2026-05-16 05:48:58.396046+00:00,28781,5.716942,51.208504,56.501507,3.0161002,199.03473,171.76833
2026-05-16 05:48:58.539046+00:00,28924,3.3819788,55.76632,48.43555,2.335858,201.61717,172.61768
2026-05-16 05:48:58.556046+00:00,28941,5.660843,57.532345,49.51901,2.1178217,198.65433,171.29791
2026-05-16 05:48:58.619046+00:00,29004,2.4576807,44.56746,45.520607,2.679946,193.48071,178.38707
2026-05-16 05:48:58.636046+00:00,29021,3.33964,50.053303,39.970074,2.4912739,196.88974,167.77957
2026-05-16 05:48:58.656046+00:00,29041,4.020017,50.299778,44.68663,2.551513,196.86525,163.14919
2026-05-16 05:48:58.675046+00:00,29060,4.027915,48.036007,44.57626,2.5981307,201.09581,173.44208
2026-05-16 05:48:58.735046+00:00,29120,2.6112058,46.692078,46.376286,2.491441,198.57567,173.21106
2026-05-16 05:48:58.756046+00:00,29141,3.7842011,51.579712,48.699753,2.8675606,203.52618,170.67139
2026-05-16 05:48:58.809046+00:00,29194,3.6235912,49.19893,47.847717,2.6652129,204.89133,169.92532
2026-05-16 05:48:58.826046+00:00,29211,5.785613,50.10884,52.729176,2.7613695,194.50755,177.06999
2026-05-16 05:48:58.850046+00:00,29235,1.4053655,44.4275,49.99912,2.1093047,194.91208,173.10898
2026-05-16 05:48:58.877046+00:00,29262,3.870803,52.45227,43.309147,2.57848,200.70367,169.3235
2026-05-16 05:48:58.897046+00:00,29282,2.4079173,44.251186,49.06489,1.9572301,197.82758,170.23605
2026-05-16 05:48:58.920046+00:00,29305,4.0828934,48.843613,48.140266,2.3776658,201.15402,176.52885
2026-05-16 05:48:58.977046+00:00,29362,2.8348627,57.805794,42.01543,2.695182,202.37787,167.73323
2026-05-16 05:48:59.007046+00:00,29392,4.932338,49.869743,46.648808,1.6073954,202.2832,168.38155
2026-05-16 05:48:59.034046+00:00,29419,4.8120093,51.847683,46.2157,2.1105492,202.78912,173.70021
2026-05-16 05:48:59.089046+00:00,29474,1.960129,43.13871,42.57841,2.3345263,195.76375,169.84491
2026-05-16 05:48:59.136046+00:00,29521,3.1081095,55.123722,48.426502,2.2246451,192.2071,176.17528
2026-05-16 05:48:59.165046+00:00,29550,4.137233,56.928165,49.548027,2.6993275,195.36234,171.51587
